{
  "pools": [
    {
      "rolls": 1,
      "entries": [
        {
          "type": "item",
          "name": "minecraft:golden_apple",
          "weight": 90
        },
        {
          "type": "item",
          "name": "minecraft:book",
          "weight": 30,
          "functions": [
            {
              "function": "enchant_randomly"
            }
          ]
        }
      ]
    },
    {
      "rolls": {
        "min": 1,
        "max": 12
      },
      "entries": [
        {
          "type": "item",
          "name": "minecraft:diamond",
          "functions": [
            {
              "function": "set_count",
              "count": {
                "min": 1,
                "max": 10
              }
            }
          ],
          "weight": 3
        }
      ]
    }
  ]
}
