{
  "format_version": "1.8.0",
  "animations": {
    "animation.player.shield_block_off_hand": {
      "loop": "hold_on_last_frame",
      "animation_length": 1.125,
      "bones": {
        "leftArm": {
          "rotation": [-39, 30, 0]
        },
        "leftItem": {
          "rotation": [-30, 25, 30],
          "position": [-0.3, -3.5, 0.1]
        }
      }
    },
    "animation.player.shield_block_main_hand": {
      "loop": "hold_on_last_frame",
      "animation_length": 1.125,
      "bones": {
        "rightArm": {
          "rotation": [-39, -30, 0]
        },
        "rightItem": {
          "rotation": [-30, "-25", "-30"],
          "position": [0.3, -3.5, "-0.1"]
        }
      }
    }
  }
}
