{
  "format_version": "1.8.0",
  "animations": {
    "animation.player.sneaking": {
      "loop": true,
      "bones": {
        "body": {
          "position": [
            0,
            "query.get_equipped_item_name('main_hand') == 'shield' || query.get_equipped_item_name('off_hand') == 'shield' ? 0 : -2",
            0
          ]
        },
        "head": {
          "position": [
            0,
            "query.get_equipped_item_name('main_hand') == 'shield' || query.get_equipped_item_name('off_hand') == 'shield' ? 0 : -1",
            0
          ]
        },
        "leftarm": {
          "rotation": [
            "query.get_equipped_item_name('main_hand') == 'shield' || query.get_equipped_item_name('off_hand') == 'shield' ? 0 : -5.7",
            0,
            0
          ]
        },
        "leftleg": {
          "rotation": [
            "query.get_equipped_item_name('main_hand') == 'shield' || query.get_equipped_item_name('off_hand') == 'shield' ? 0 : -28",
            -0.1,
            -0.1
          ]
        },
        "rightarm": {
          "rotation": [
            "query.get_equipped_item_name('main_hand') == 'shield' || query.get_equipped_item_name('off_hand') == 'shield' ? 0 : -5.7",
            0,
            0
          ]
        },
        "rightleg": {
          "rotation": [
            "query.get_equipped_item_name('main_hand') == 'shield' || query.get_equipped_item_name('off_hand') == 'shield' ? 0 : -28",
            0.1,
            0.1
          ]
        },
        "root": {
          "position": [
            0,
            "query.get_equipped_item_name('main_hand') == 'shield' || query.get_equipped_item_name('off_hand') == 'shield' ? 0 : 1.25",
            "query.get_equipped_item_name('main_hand') == 'shield' || query.get_equipped_item_name('off_hand') == 'shield' ? 0 : 9"
          ],
          "rotation": [
            "query.get_equipped_item_name('main_hand') == 'shield' || query.get_equipped_item_name('off_hand') == 'shield' ? 0 : 28.0 - this",
            0,
            0
          ]
        }
      }
    }
  }
}
