{
  "format_version": "1.10.0",
  "animations": {
    "animation.item.wield": {
      "loop": true,
      "bones": {
        "rightitem": {
          "position": [
            "c.is_first_person ? -3.5 : 0.5",
            "c.is_first_person ? -3.5 : -2.5",
            "c.is_first_person ? -1.75 : 1.0"
          ],
          "rotation": [
            "c.is_first_person ? 38.0 : 0.0",
            "c.is_first_person ? -120.0 : 0.0",
            "c.is_first_person ? -63.0 : 0.0"
          ]
        }
      }
    }
  }
}
