{
  "format_version": "1.21.0",
  "minecraft:entity": {
    "description": {
      "identifier": "minecraft:player",
      "spawn_category": "creature",
      "is_spawnable": false,
      "is_summonable": false
    },

    "component_groups": {},
    "components": {
      "minecraft:damage_sensor": {
        "triggers": {
          "on_damage": {
            "filters": {
              "any_of": [
                {
                  "all_of": [
                    {
                      "test": "has_tag",
                      "subject": "self",
                      "value": "team1"
                    },
                    {
                      "test": "has_tag",
                      "subject": "other",
                      "value": "team1"
                    }
                  ]
                },
                {
                  "all_of": [
                    {
                      "test": "has_tag",
                      "subject": "self",
                      "value": "team2"
                    },
                    {
                      "test": "has_tag",
                      "subject": "other",
                      "value": "team2"
                    }
                  ]
                },
                {
                  "all_of": [
                    {
                      "test": "has_tag",
                      "subject": "self",
                      "value": "team3"
                    },
                    {
                      "test": "has_tag",
                      "subject": "other",
                      "value": "team3"
                    }
                  ]
                },
                {
                  "all_of": [
                    {
                      "test": "has_tag",
                      "subject": "self",
                      "value": "team4"
                    },
                    {
                      "test": "has_tag",
                      "subject": "other",
                      "value": "team4"
                    }
                  ]
                },
                {
                  "all_of": [
                    {
                      "test": "has_tag",
                      "subject": "self",
                      "value": "team5"
                    },
                    {
                      "test": "has_tag",
                      "subject": "other",
                      "value": "team5"
                    }
                  ]
                },
                {
                  "all_of": [
                    {
                      "test": "has_tag",
                      "subject": "self",
                      "value": "team6"
                    },
                    {
                      "test": "has_tag",
                      "subject": "other",
                      "value": "team6"
                    }
                  ]
                },
                {
                  "all_of": [
                    {
                      "test": "has_tag",
                      "subject": "self",
                      "value": "team7"
                    },
                    {
                      "test": "has_tag",
                      "subject": "other",
                      "value": "team7"
                    }
                  ]
                },
                {
                  "all_of": [
                    {
                      "test": "has_tag",
                      "subject": "self",
                      "value": "team8"
                    },
                    {
                      "test": "has_tag",
                      "subject": "other",
                      "value": "team8"
                    }
                  ]
                },
                {
                  "all_of": [
                    {
                      "test": "has_tag",
                      "subject": "self",
                      "value": "team9"
                    },
                    {
                      "test": "has_tag",
                      "subject": "other",
                      "value": "team9"
                    }
                  ]
                },
                {
                  "all_of": [
                    {
                      "test": "has_tag",
                      "subject": "self",
                      "value": "team10"
                    },
                    {
                      "test": "has_tag",
                      "subject": "other",
                      "value": "team10"
                    }
                  ]
                },
                {
                  "all_of": [
                    {
                      "test": "has_tag",
                      "subject": "self",
                      "value": "team11"
                    },
                    {
                      "test": "has_tag",
                      "subject": "other",
                      "value": "team11"
                    }
                  ]
                },
                {
                  "all_of": [
                    {
                      "test": "has_tag",
                      "subject": "self",
                      "value": "team12"
                    },
                    {
                      "test": "has_tag",
                      "subject": "other",
                      "value": "team12"
                    }
                  ]
                },
                {
                  "all_of": [
                    {
                      "test": "has_tag",
                      "subject": "self",
                      "value": "team13"
                    },
                    {
                      "test": "has_tag",
                      "subject": "other",
                      "value": "team13"
                    }
                  ]
                },
                {
                  "all_of": [
                    {
                      "test": "has_tag",
                      "subject": "self",
                      "value": "team14"
                    },
                    {
                      "test": "has_tag",
                      "subject": "other",
                      "value": "team14"
                    }
                  ]
                },
                {
                  "all_of": [
                    {
                      "test": "has_tag",
                      "subject": "self",
                      "value": "team15"
                    },
                    {
                      "test": "has_tag",
                      "subject": "other",
                      "value": "team15"
                    }
                  ]
                },
                {
                  "all_of": [
                    {
                      "test": "has_tag",
                      "subject": "self",
                      "value": "team16"
                    },
                    {
                      "test": "has_tag",
                      "subject": "other",
                      "value": "team16"
                    }
                  ]
                }
              ]
            }
          },
          "deals_damage": false
        }
      },

      "minecraft:experience_reward": {
        "on_death": "Math.Min(query.player_level * 7, 100)"
      },
      "minecraft:type_family": {
        "family": ["player"]
      },
      "minecraft:is_hidden_when_invisible": {},
      "minecraft:loot": {
        "table": "loot_tables/empty.json"
      },
      "minecraft:collision_box": {
        "width": 0.6,
        "height": 1.8
      },
      "minecraft:can_climb": {},
      "minecraft:movement": {
        "value": 0.1
      },
      "minecraft:health": {
        "max": 40
      },
      "minecraft:hurt_on_condition": {
        "damage_conditions": [
          {
            "filters": {
              "test": "in_lava",
              "subject": "self",
              "operator": "==",
              "value": true
            },
            "cause": "lava",
            "damage_per_tick": 1
          }
        ]
      },
      "minecraft:attack": {
        "damage": 1
      },
      "minecraft:exhaustion_values": {
        "heal": 6,
        "jump": 0.2,
        "sprint_jump": 0.2,
        "mine": 0,
        "attack": 3,
        "damage": 0.5,
        "walk": 0.005,
        "sprint": 0.1,
        "swim": 0.2
      },
      "minecraft:player.saturation": {
        "value": 5,
        "max": 20
      },
      "minecraft:player.exhaustion": {
        "value": 0,
        "max": 20
      },
      "minecraft:player.level": {
        "value": 0,
        "max": 50
      },
      "minecraft:player.experience": {
        "value": 0,
        "max": 1
      },
      "minecraft:breathable": {
        "total_supply": 15,
        "suffocate_time": -1,
        "inhale_time": 3.75,
        "generates_bubbles": false
      },
      "minecraft:nameable": {
        "always_show": true,
        "allow_name_tag_renaming": false
      },
      "minecraft:physics": {
        "push_towards_closest_space": true
      },
      "minecraft:pushable": {
        "is_pushable": false,
        "is_pushable_by_piston": true
      },
      "minecraft:insomnia": {
        "days_until_insomnia": 15
      },
      "minecraft:rideable": {
        "seat_count": 2,
        "family_types": ["parrot_tame"],
        "pull_in_entities": true,
        "seats": [
          {
            "position": [0.4, -0.2, -0.1],
            "min_rider_count": 0,
            "max_rider_count": 0,
            "lock_rider_rotation": 0
          },
          {
            "position": [-0.4, -0.2, -0.1],
            "min_rider_count": 1,
            "max_rider_count": 2,
            "lock_rider_rotation": 0
          }
        ]
      }
    },

    "events": {}
  }
}
