{
  "pools": [
    {
      "rolls": 1,
      "entries": [
        {
          "type": "item",
          "name": "minecraft:bow",
          "weight": 5,
          "functions": [
            {
              "function": "set_damage",
              "damage": {
                "min": 0,
                "max": 0.25
              }
            },
            {
              "function": "enchant_with_levels",
              "levels": 5,
              "treasure": true
            }
          ]
        },
        {
          "type": "item",
          "name": "minecraft:fishing_rod",
          "weight": 5,
          "functions": [
            {
              "function": "set_damage",
              "damage": {
                "min": 0,
                "max": 0.25
              }
            },
            {
              "function": "enchant_with_levels",
              "levels": 30,
              "treasure": true
            }
          ]
        },
        {
          "type": "item",
          "name": "minecraft:book",
          "weight": 10,
          "functions": [
            {
              "function": "enchant_with_levels",
              "levels": 10,
              "treasure": true
            }
          ]
        }
      ]
    }
  ]
}
