{
  "format_version": "1.12",
  "minecraft:recipe_shaped": {
    "description": {
    "identifier": "minecraft:appleenchanted"
    },

    
    "tags": [ "crafting_table" ],
    "pattern": [
      "###",
      "#a#",
      "###"
    ],
    "key": {
      "#": {
        "item": "minecraft:gold_block"
      },
      "a": {
        "item": "minecraft:apple"
      }
    },
    "result": {
      "item": "minecraft:appleenchanted",
      "data": 0,
      "count": 1
    }
  }
}