{
  "kill": {
    "_use_legacy_max_distance": "true",
    "category": "player",
    "max_distance": 512,
    "sounds": [
      "sounds/2024/k1",
      "sounds/2024/k2",
      "sounds/2024/k3",
      "sounds/2024/k4",
      "sounds/2024/k5"
    ]
  },

  "Border": {
    "category": "music",
    "sounds": [
      {
        "name": "sounds/2024/Border",
        "stream": true
      }
    ]
  },

  "c15": {
    "category": "music",
    "sounds": [
      {
        "name": "sounds/2024/Fortnite_Chapter_3",
        "stream": true
      }
    ]
  },

  "win": {
    "category": "music",
    "sounds": [
      {
        "name": "sounds/2024/Winner_2",
        "stream": true
      }
    ]
  },

  "world": {
    "category": "music",
    "sounds": [
      {
        "name": "sounds/2024/WORLDs",
        "stream": true
      }
    ]
  },

  "noti": {
    "category": "music",
    "sounds": [
      {
        "name": "sounds/2024/noti",
        "stream": true
      }
    ]
  },

  "c1": {
    "category": "music",
    "sounds": [
      {
        "name": "sounds/music/c1",
        "stream": true
      }
    ]
  },
  "c2": {
    "category": "music",
    "sounds": [
      {
        "name": "sounds/music/zeemon",
        "stream": true
      }
    ]
  },
  "c3": {
    "category": "music",
    "sounds": [
      {
        "name": "sounds/music/f",
        "stream": true
      }
    ]
  },
  "c4": {
    "category": "music",
    "sounds": [
      {
        "name": "sounds/music/w",
        "stream": true
      }
    ]
  },
  "c5": {
    "category": "music",
    "sounds": [
      {
        "name": "sounds/new/1203(1)",
        "stream": true
      }
    ]
  },
  "c6": {
    "category": "music",
    "sounds": [
      {
        "name": "sounds/new/1203(3)",
        "stream": true
      }
    ]
  },
  "c7": {
    "category": "music",
    "sounds": [
      {
        "name": "sounds/new/1203(4)",
        "stream": true
      }
    ]
  },
  "c8": {
    "category": "music",
    "sounds": [
      {
        "name": "sounds/new/1203(5)",
        "stream": true
      }
    ]
  },
  "c9": {
    "category": "music",
    "sounds": [
      {
        "name": "sounds/new/1203(6)",
        "stream": true
      }
    ]
  },
  "c10": {
    "category": "music",
    "sounds": [
      {
        "name": "sounds/new/1203(7)",
        "stream": true
      }
    ]
  },
  "c11": {
    "category": "music",
    "sounds": [
      {
        "name": "sounds/new/1203(8)",
        "stream": true
      }
    ]
  },

  "c12": {
    "category": "music",
    "sounds": [
      {
        "name": "sounds/new/1203(9)",
        "stream": true
      }
    ]
  },
  "c13": {
    "category": "music",
    "sounds": [
      {
        "name": "sounds/new/1203(10)",
        "stream": true
      }
    ]
  },
  "c14": {
    "category": "music",
    "sounds": [
      {
        "name": "sounds/new/1203(11)",
        "stream": true
      }
    ]
  },

  "c16": {
    "category": "music",
    "sounds": [
      {
        "name": "sounds/new/1203",
        "stream": true
      }
    ]
  },
  "c17": {
    "category": "music",
    "sounds": [
      {
        "name": "sounds/new/game",
        "stream": true
      }
    ]
  },
  "uhc": {
    "category": "music",
    "sounds": [
      {
        "name": "sounds/new/0206_1_",
        "stream": true
      }
    ]
  },
  "c18": {
    "category": "music",
    "sounds": [
      {
        "name": "sounds/new/jojo2",
        "stream": true
      }
    ]
  },
  "player1": {
    "category": "music",
    "sounds": [
      {
        "name": "sounds/new/player",
        "stream": true
      }
    ]
  }
}
