{
	"format_version": "1.10.0",
	"particle_effect": {
		"description": {
			"identifier": "bd:cirno_defeat1",
			"basic_render_parameters": {
				"material": "particles_blend",
				"texture": "textures/particle/leaf_cirno"
			}
		},
		"components": {
			"minecraft:emitter_rate_instant": {
				"num_particles": 100
			},
			"minecraft:emitter_lifetime_once": {
				"active_time": 2
			},
			"minecraft:emitter_shape_point": {},
			"minecraft:particle_lifetime_expression": {
				"max_lifetime": 2
			},
			"minecraft:particle_initial_spin": {
				"rotation": "variable.emitter_random_2 * 12",
				"rotation_rate": 12
			},
			"minecraft:particle_initial_speed": 35,
			"minecraft:particle_motion_dynamic": {
				"linear_drag_coefficient": "variable.particle_lifetime > 34",
				"rotation_acceleration": "variable.emitter_random_2 < 0.5",
				"rotation_drag_coefficient": "variable.emitter_random_2 < 0.5"
			},
			"minecraft:particle_appearance_billboard": {
				"size": ["math.sin(variable.particle_lifetime * 10) * 5", "math.sin(variable.particle_lifetime * 10) * 5"],
				"facing_camera_mode": "lookat_xyz",
				"uv": {
					"texture_width": 16,
					"texture_height": 16,
					"uv": [1, 1],
					"uv_size": [16, 16]
				}
			},
			"minecraft:particle_appearance_tinting": {
				"color": {
					"interpolant": "variable.particle_age / variable.particle_lifetime * 2",
					"gradient": {
						"0.0": "#00FFFFFF",
						"0.98": "#FF6DCDF0",
						"2.0": "#00F7F8F8"
					}
				}
			}
		}
	}
}