{
	"format_version": "1.10.0",
	"particle_effect": {
		"description": {
			"identifier": "bd:cirno_shoot",
			"basic_render_parameters": {
				"material": "particles_blend",
				"texture": "textures/particle/cirno_power"
			}
		},
		"components": {
			"minecraft:emitter_rate_instant": {
				"num_particles": 50
			},
			"minecraft:emitter_lifetime_looping": {
				"active_time": 1
			},
			"minecraft:emitter_shape_sphere": {
				"offset": [0, 1, 0],
				"radius": 0.1,
				"surface_only": true,
				"direction": "inwards"
			},
			"minecraft:particle_lifetime_expression": {
				"max_lifetime": 0.9
			},
			"minecraft:particle_initial_spin": {
				"rotation_rate": 0.1
			},
			"minecraft:particle_initial_speed": -20,
			"minecraft:particle_motion_dynamic": {
				"rotation_drag_coefficient": 1
			},
			"minecraft:particle_appearance_billboard": {
				"size": [1, 1],
				"facing_camera_mode": "rotate_xyz",
				"uv": {
					"texture_width": 16,
					"texture_height": 16,
					"uv": [0, 0],
					"uv_size": [16, 16]
				}
			},
			"minecraft:particle_appearance_tinting": {
				"color": {
					"interpolant": "variable.particle_age / variable.particle_lifetime * 1",
					"gradient": {
						"0.0": "#0000ABF5",
						"0.5": "#ffffffff",
						"1.0": "#00FFFFFF"
					}
				}
			}
		}
	}
}