{
	"format_version": "1.10.0",
	"particle_effect": {
		"description": {
			"identifier": "bd:cirno_snowflake",
			"basic_render_parameters": {
				"material": "particles_blend",
				"texture": "textures/particle/particles"
			}
		},
		"components": {
			"minecraft:emitter_rate_instant": {
				"num_particles": 100
			},
			"minecraft:emitter_lifetime_once": {
				"active_time": 1
			},
			"minecraft:emitter_shape_sphere": {
				"offset": [0, 1, 0],
				"radius": 0.1,
				"direction": "outwards"
			},
			"minecraft:particle_lifetime_expression": {
				"max_lifetime": 2
			},
			"minecraft:particle_initial_spin": {
				"rotation": "variable.particle_random_3*360"
			},
			"minecraft:particle_initial_speed": "variable.particle_lifetime /2 ? 34",
			"minecraft:particle_motion_dynamic": {
				"linear_acceleration": [0, 3, 0],
				"linear_drag_coefficient": "variable.particle_lifetime < 34"
			},
			"minecraft:particle_appearance_billboard": {
				"size": ["0.3+variable.particle_random_1/8", "0.3+variable.particle_random_1/8"],
				"facing_camera_mode": "rotate_xyz",
				"uv": {
					"texture_width": 128,
					"texture_height": 128,
					"uv": ["math.floor(variable.particle_random_2*8)*8", 72],
					"uv_size": [8, 8]
				}
			},
			"minecraft:particle_appearance_tinting": {
				"color": {
					"interpolant": "variable.particle_age / variable.particle_lifetime * 2",
					"gradient": {
						"0.0": "#00FFFFFF",
						"0.34": "#ffffffff",
						"0.94": "#ffffffff",
						"1.8": "#ffffffff",
						"2.0": "#00FFFFFF"
					}
				}
			}
		}
	}
}