{
	"format_version": "1.10.0",
	"particle_effect": {
		"description": {
			"identifier": "bd:cirno_perfect_freeze",
			"basic_render_parameters": {
				"material": "particles_blend",
				"texture": "textures/particle/snow_cirno"
			}
		},
		"components": {
			"minecraft:emitter_rate_instant": {
				"num_particles": 150
			},
			"minecraft:emitter_lifetime_looping": {
				"active_time": 1
			},
			"minecraft:emitter_shape_sphere": {
				"offset": [0, 1, 0],
				"radius": 0.1,
				"direction": "inwards"
			},
			"minecraft:particle_lifetime_expression": {
				"max_lifetime": 2
			},
			"minecraft:particle_initial_spin": {
				"rotation_rate": 12
			},
			"minecraft:particle_initial_speed": 50,
			"minecraft:particle_motion_dynamic": {
				"linear_drag_coefficient": "variable.particle_lifetime < 100",
				"rotation_drag_coefficient": "variable.emitter_random_2 < 0.5 ? 30 : 10"
			},
			"minecraft:particle_appearance_billboard": {
				"size": ["math.sin(variable.particle_lifetime * 10) * 20", "math.sin(variable.particle_lifetime * 10) * 20"],
				"facing_camera_mode": "rotate_xyz",
				"uv": {
					"texture_width": 16,
					"texture_height": 16,
					"uv": [1, 1],
					"uv_size": [16, 16]
				}
			},
			"minecraft:particle_motion_collision": {
				"expire_on_contact": true
			},
			"minecraft:particle_appearance_tinting": {
				"color": {
					"interpolant": "variable.particle_age / variable.particle_lifetime * 2",
					"gradient": {
						"0.0": "#0092E3FB",
						"0.96": "#707BE1FB",
						"1.48": "#00CAF2FF",
						"2.0": "#00FFFFFF"
					}
				}
			}
		}
	}
}