{
	"format_version": "1.10.0",
	"particle_effect": {
		"description": {
			"identifier": "bd:cirno_crytal",
			"basic_render_parameters": {
				"material": "particles_blend",
				"texture": "textures/particle/snow_cirno"
			}
		},
		"components": {
			"minecraft:emitter_rate_steady": {
				"spawn_rate": 2,
				"max_particles": 5
			},
			"minecraft:emitter_lifetime_looping": {
				"active_time": 1
			},
			"minecraft:emitter_shape_sphere": {
				"radius": 0.2,
				"direction": "inwards"
			},
			"minecraft:particle_lifetime_expression": {
				"max_lifetime": 2
			},
			"minecraft:particle_initial_spin": {
				"rotation_rate": 12
			},
			"minecraft:particle_initial_speed": 0,
			"minecraft:particle_motion_dynamic": {
				"linear_acceleration": [0, 0.2, 0],
				"rotation_drag_coefficient": "variable.emitter_random_2 < 0.5 ? 30 : 10"
			},
			"minecraft:particle_appearance_billboard": {
				"size": ["math.sin(variable.particle_lifetime * 10) * 1", "math.sin(variable.particle_lifetime * 10) * 1"],
				"facing_camera_mode": "rotate_xyz",
				"uv": {
					"texture_width": 16,
					"texture_height": 16,
					"uv": [1, 1],
					"uv_size": [16, 16]
				}
			},
			"minecraft:particle_appearance_tinting": {
				"color": {
					"interpolant": "variable.particle_age / variable.particle_lifetime * 2",
					"gradient": {
						"0.0": "#0091D2FB",
						"1.34": "#26FFFFFF",
						"2.0": "#00E7EAF6"
					}
				}
			}
		}
	}
}