{
	"format_version": "1.10.0",
	"particle_effect": {
		"description": {
			"identifier": "bd:cirno_perfect_freeze_snow",
			"basic_render_parameters": {
				"material": "particles_blend",
				"texture": "textures/particle/particles"
			}
		},
		"components": {
			"minecraft:emitter_rate_instant": {
				"num_particles": 50
			},
			"minecraft:emitter_lifetime_looping": {
				"active_time": 1
			},
			"minecraft:emitter_shape_sphere": {
				"offset": [0, 1, 0],
				"radius": 5,
				"direction": "inwards"
			},
			"minecraft:particle_lifetime_expression": {
				"max_lifetime": 2
			},
			"minecraft:particle_initial_spin": {
				"rotation_rate": 12
			},
			"minecraft:particle_initial_speed": 30,
			"minecraft:particle_motion_dynamic": {
				"linear_drag_coefficient": "variable.particle_lifetime < 10",
				"rotation_drag_coefficient": "variable.emitter_random_2 < 0.5 ? 30 : 10"
			},
			"minecraft:particle_appearance_billboard": {
				"size": ["math.sin(variable.particle_lifetime * 10) *1", "math.sin(variable.particle_lifetime * 10) * 1"],
				"facing_camera_mode": "rotate_xyz",
				"uv": {
					"texture_width": 128,
					"texture_height": 128,
					"uv": ["math.floor(variable.particle_random_2*8)*8", 72],
					"uv_size": [8, 8]
				}
			},
			"minecraft:particle_motion_collision": {
				"expire_on_contact": true
			},
			"minecraft:particle_appearance_tinting": {
				"color": {
					"interpolant": "variable.particle_age / variable.particle_lifetime * 2",
					"gradient": {
						"0.0": "#00CCE8F6",
						"0.74": "#FFB3DDF8",
						"1.34": "#ffffffff",
						"1.68": "#002A9DEF",
						"2.0": "#00FFFFFF"
					}
				}
			}
		}
	}
}