{
	"format_version": "1.10.0",
	"particle_effect": {
		"description": {
			"identifier": "spiral",
			"basic_render_parameters": {
				"material": "particles_alpha",
				"texture": "textures/particle/particles"
			}
		},
		"components": {
			"minecraft:emitter_rate_steady": {
				"spawn_rate": 100,
				"max_particles": 100
			},
			"minecraft:emitter_lifetime_looping": {
				"active_time": 1
			},
			"minecraft:emitter_shape_point": {},
			"minecraft:particle_lifetime_expression": {
				"max_lifetime": "math.random(2.0,4.0)"
			},
			"minecraft:particle_initial_speed": 0,
			"minecraft:particle_motion_parametric": {
				"relative_position": ["Math.cos((variable.particle_age * 360) + (variable.particle_random_1 * 360))", "variable.particle_age*3", "Math.sin((variable.particle_age * 360) + (variable.particle_random_1 * 360))"]
			},
			"minecraft:particle_appearance_billboard": {
				"size": [0.1, 0.1],
				"facing_camera_mode": "lookat_xyz",
				"uv": {
					"texture_width": 128,
					"texture_height": 128,
					"flipbook": {
						"base_UV": [0, 80],
						"size_UV": [8, 8],
						"step_UV": [8, 0],
						"frames_per_second": 1,
						"max_frame": 16,
						"stretch_to_lifetime": true
					}
				}
			},
			"minecraft:particle_appearance_tinting": {
				"color": {
					"interpolant": "variable.particle_age",
					"gradient": {
						"0.0": "#FE0000",
						"0.6000000000000001": "#FF9600",
						"1.2000000000000002": "#FFFF00",
						"1.7999999999999998": "#00FF00",
						"2.4000000000000004": "#00FFFF",
						"3.0": "#7D00FF"
					}
				}
			}
		}
	}
}