{
  "format_version": "1.10.0",
  "particle_effect": {
    "description": {
      "identifier": "so:p1",
      "basic_render_parameters": {
        "material": "particles_add",
        "texture": "textures/particle/titik"
      }
    },
    "curves": {
      "v.sand_move": {
        "type": "bezier",
        "input": "v.particle_lifetime",
        "horizontal_range": 1,
        "nodes": [0, 0.96, 0.72, 0]
      }
    },
    "events": {
      "event": {
        "particle_effect": {
          "effect": "so:p2",
          "type": "emitter"
        }
      },
      "event1": {
        "particle_effect": {
          "effect": "so:p3",
          "type": "emitter"
        }
      }
    },
    "components": {
      "minecraft:emitter_rate_steady": {
        "spawn_rate": 100,
        "max_particles": 100
      },
      "minecraft:emitter_lifetime_looping": {
        "active_time": 8
      },
      "minecraft:emitter_lifetime_events": {
        "creation_event": ["event1", "event"],
        "timeline": {
          "0.20": "event",
          "0.50": "event",
          "0.70": "event",
          "1.00": "event",
          "1.20": "event",
          "1.50": "event",
          "1.70": "event",
          "2.00": "event",
          "2.20": "event",
          "2.50": "event",
          "2.70": "event",
          "3.00": "event",
          "3.20": "event",
          "3.50": "event",
          "3.70": "event",
          "4.00": "event",
          "4.20": "event",
          "4.50": "event",
          "4.70": "event",
          "5.00": "event",
          "5.20": "event",
          "5.50": "event",
          "5.70": "event",
          "6.00": "event",
          "6.20": "event",
          "6.50": "event",
          "6.70": "event",
          "7.00": "event",
          "7.20": "event",
          "7.50": "event",
          "7.70": "event",
          "8.00": "event"
        }
      },
      "minecraft:emitter_shape_disc": {
        "offset": [0, 4, 0],
        "radius": 16,
        "direction": [0, "math.random(-1,-3)", 0]
      },
      "minecraft:particle_lifetime_expression": {
        "max_lifetime": 0.5
      },
      "minecraft:particle_initial_speed": "variable.particle_random_2 * 40",
      "minecraft:particle_motion_dynamic": {
        "linear_drag_coefficient": 2
      },
      "minecraft:particle_appearance_billboard": {
        "size": [
          "0.2 - (variable.particle_age * 0.1)",
          "3 - (variable.particle_age * 0.3)"
        ],
        "facing_camera_mode": "lookat_xyz",
        "uv": {
          "texture_width": 256,
          "texture_height": 32,
          "flipbook": {
            "base_UV": [0, 0],
            "size_UV": [32, 32],
            "step_UV": [32, 0],
            "frames_per_second": 12,
            "max_frame": 7,
            "stretch_to_lifetime": true
          }
        }
      },
      "minecraft:particle_motion_collision": {},
      "minecraft:particle_appearance_tinting": {
        "color": {
          "interpolant": "variable.particle_random_2",
          "gradient": {
            "0.0": "#9C8B7B05",
            "0.36": "#FFFFFFFF",
            "0.67": "#B0FBD700"
          }
        }
      }
    }
  }
}
