{
  "format_version": "1.10.0",
  "particle_effect": {
    "description": {
      "identifier": "so:light1",
      "basic_render_parameters": {
        "material": "particles_add",
        "texture": "textures/particle/lighto"
      }
    },
    "components": {
      "minecraft:emitter_local_space": {
        "position": true,
        "rotation": true,
        "velocity": true
      },
      "minecraft:emitter_rate_instant": {
        "num_particles": 3
      },
      "minecraft:emitter_lifetime_once": {
        "active_time": 0.1
      },
      "minecraft:emitter_shape_sphere": {
        "offset": [0, 15, 0],
        "radius": 0.5,
        "direction": "outwards"
      },
      "minecraft:particle_lifetime_expression": {
        "max_lifetime": 5
      },
      "minecraft:particle_initial_speed": 0.5,
      "minecraft:particle_motion_dynamic": {},
      "minecraft:particle_appearance_billboard": {
        "size": [
          "4 + (variable.particle_age) * 0.65",
          "500 + (variable.particle_age) * 5"
        ],
        "facing_camera_mode": "lookat_y",
        "uv": {
          "texture_width": 2,
          "texture_height": 2,
          "uv": [0, 0],
          "uv_size": [2, 2]
        }
      },
      "minecraft:particle_appearance_tinting": {
        "color": {
          "interpolant": "variable.particle_age",
          "gradient": {
            "0.0": "#FF514B07",
            "0.36": "#FFEEE90E",
            "0.57": "#FFF4F9AF"
          }
        }
      }
    }
  }
}
