{
  "format_version": "1.10.0",
  "particle_effect": {
    "description": {
      "identifier": "so:p3",
      "basic_render_parameters": {
        "material": "particles_blend",
        "texture": "textures/particle/circle"
      }
    },
    "components": {
      "minecraft:emitter_rate_steady": {
        "spawn_rate": 1,
        "max_particles": 8
      },
      "minecraft:emitter_lifetime_once": {
        "active_time": 15
      },
      "minecraft:emitter_shape_point": {
        "offset": [0, "math.random(0,0.8)", 0]
      },
      "minecraft:particle_lifetime_expression": {
        "max_lifetime": 2
      },
      "minecraft:particle_initial_spin": {
        "rotation": "Math.random(45, -45)",
        "rotation_rate": 1000
      },
      "minecraft:particle_initial_speed": 0,
      "minecraft:particle_motion_dynamic": {},
      "minecraft:particle_appearance_billboard": {
        "size": ["10*variable.particle_age", "10*variable.particle_age"],
        "facing_camera_mode": "emitter_transform_xz"
      },
      "minecraft:particle_appearance_tinting": {
        "color": {
          "interpolant": "v.particle_age / v.particle_lifetime",
          "gradient": {
            "0.0": "#FFFFFFFF",
            "0.49": "#FFF9EE02",
            "1.0": "#00E5FA03"
          }
        }
      }
    }
  }
}
