{
  "format_version": "1.10.0",
  "particle_effect": {
    "description": {
      "identifier": "so:light2",
      "basic_render_parameters": {
        "material": "particles_add",
        "texture": "textures/particle/ngew"
      }
    },
    "curves": {
      "variable.age": {
        "type": "catmull_rom",
        "input": "v.particle_age",
        "horizontal_range": "v.particle_lifetime",
        "nodes": [1, 1.57, 2.12, 3.16]
      }
    },
    "components": {
      "minecraft:emitter_rate_instant": {
        "num_particles": 100
      },
      "minecraft:emitter_lifetime_once": {
        "active_time": 5
      },
      "minecraft:emitter_shape_point": {
        "offset": [
          "Math.random(-1.0, 1.0)",
          "Math.random(-0.1, 8.0)",
          "Math.random(-1.0, 1.0)"
        ],
        "direction": [0, -4, 0]
      },
      "minecraft:particle_lifetime_expression": {
        "max_lifetime": "math.random(0.4,5)"
      },
      "minecraft:particle_initial_spin": {
        "rotation": "math.random(-360,360)",
        "rotation_rate": 100
      },
      "minecraft:particle_initial_speed": "Math.random(5, 10.0)",
      "minecraft:particle_motion_dynamic": {
        "linear_drag_coefficient": 1,
        "rotation_drag_coefficient": 1
      },
      "minecraft:particle_appearance_billboard": {
        "size": ["3-variable.age", "3-variable.age"],
        "facing_camera_mode": "rotate_xyz"
      },
      "minecraft:particle_appearance_tinting": {
        "color": {
          "interpolant": "variable.particle_age",
          "gradient": {
            "0.0": "#3BFCF29B",
            "0.68": "#80FFFBAF",
            "1.0": "#00F8FB7F"
          }
        }
      }
    }
  }
}
