{
  "format_version": "1.10.0",
  "particle_effect": {
    "description": {
      "identifier": "so:light3",
      "basic_render_parameters": {
        "material": "particles_add",
        "texture": "textures/particle/lighto"
      }
    },
    "curves": {
      "variable.tinggi": {
        "type": "catmull_rom",
        "input": "v.particle_age",
        "horizontal_range": "v.particle_lifetime",
        "nodes": [1.16, 1.48, 4.18, 2.82, 3.31, 4.14, 7.65]
      },
      "variable.lebar": {
        "type": "catmull_rom",
        "input": "v.particle_age",
        "horizontal_range": "v.particle_lifetime",
        "nodes": [1, 2.52, 1.07, 2.54, 1, 2.02]
      }
    },
    "components": {
      "minecraft:emitter_rate_instant": {
        "num_particles": 50
      },
      "minecraft:emitter_lifetime_once": {
        "active_time": 3
      },
      "minecraft:emitter_shape_disc": {
        "radius": 0.3,
        "surface_only": true,
        "direction": "outwards"
      },
      "minecraft:particle_lifetime_expression": {
        "max_lifetime": "math.random(0.7,3)"
      },
      "minecraft:particle_initial_speed": 50,
      "minecraft:particle_motion_dynamic": {},
      "minecraft:particle_appearance_billboard": {
        "size": [
          "5*variable.lebar",
          "50*variable.tinggi - variable.particle_age"
        ],
        "facing_camera_mode": "lookat_y",
        "uv": {
          "texture_width": 8192,
          "texture_height": 512,
          "flipbook": {
            "base_UV": [0, 0],
            "size_UV": [512, 512],
            "step_UV": [512, 0],
            "frames_per_second": 128,
            "max_frame": 16,
            "stretch_to_lifetime": true,
            "loop": true
          }
        }
      },
      "minecraft:particle_appearance_tinting": {
        "color": {
          "interpolant": "v.particle_age",
          "gradient": {
            "0.0": "#05F1E900",
            "0.48": "#A1CBC684",
            "2.61": "#A8C3C00F",
            "3.0": "#00DFE27A"
          }
        }
      }
    }
  }
}
