{
  "format_version": "1.10.0",
  "particle_effect": {
    "description": {
      "identifier": "so:light4",
      "basic_render_parameters": {
        "material": "particles_add",
        "texture": "textures/particle/circlelight"
      }
    },
    "components": {
      "minecraft:emitter_rate_instant": {
        "num_particles": 2
      },
      "minecraft:emitter_lifetime_looping": {
        "active_time": 2
      },
      "minecraft:emitter_shape_point": {
        "offset": [0, "math.random(0.3,0.4)", 0]
      },
      "minecraft:particle_lifetime_expression": {
        "max_lifetime": 2
      },
      "minecraft:particle_initial_spin": {
        "rotation_rate": 50
      },
      "minecraft:particle_initial_speed": "Math.random(12, 75.0)",
      "minecraft:particle_appearance_billboard": {
        "size": ["8+variable.particle_age+2", "8+variable.particle_age+2"],
        "facing_camera_mode": "emitter_transform_xz"
      },
      "minecraft:particle_appearance_tinting": {
        "color": {
          "interpolant": "variable.particle_age",
          "gradient": {
            "0.0": "#FFEEEE82",
            "1.58": "#FFFFEF77",
            "2.0": "#3DFFEC80"
          }
        }
      }
    }
  }
}
