{
	"format_version": "1.10.0",
	"particle_effect": {
		"description": {
			"identifier": "bd:talis_fake_ilu",
			"basic_render_parameters": {
				"material": "particles_blend",
				"texture": "textures/particle/talis_fake"
			}
		},
		"components": {
			"minecraft:emitter_rate_instant": {
				"num_particles": 2
			},
			"minecraft:emitter_lifetime_looping": {
				"active_time": 0.05
			},
			"minecraft:emitter_shape_point": {
				"direction": [0, 1, 0]
			},
			"minecraft:particle_lifetime_expression": {
				"max_lifetime": 1.5
			},
			"minecraft:particle_initial_speed": -0.1,
			"minecraft:particle_motion_dynamic": {},
			"minecraft:particle_appearance_billboard": {
				"size": [0.3, 0.3],
				"facing_camera_mode": "direction_z",
				"uv": {
					"texture_width": 16,
					"texture_height": 16,
					"uv": [0, 0],
					"uv_size": [16, 16]
				}
			},
			"minecraft:particle_appearance_tinting": {
				"color": [1, 1, 1, 0.05098]
			}
		}
	}
}