{
  "pools": [
    {
      "rolls": 1,
      "entries": [
        {
          "type": "item",
          "weight": 100,
          "functions": [
            {
              "function": "specific_enchants",
              "enchants": [
                {
                  "id": "efficiency",
                  "level": 3
                },
                {
                  "id": "unbreaking",
                  "level": 3
                },
                {
                  "id": "fortune",
                  "level": 3
                }
              ]
            },
            {
              "function": "set_name",
              "name": "§r§7Stone hoe"
            },
            {
              "function": "set_lore",
              "lore": ["§r§fUHC§6RUN"]
            }
          ],
          "name": "minecraft:stone_hoe"
        }
      ]
    }
  ]
}
