{
  "format_version": "1.10.0",
  "particle_effect": {
    "description": {
      "identifier": "raiyon:critical_hit",
      "basic_render_parameters": {
        "material": "particles_alpha",
        "texture": "textures/particle/particles_crit"
      }
    },
    "components": {
      "minecraft:emitter_rate_instant": {
        "num_particles": 1
      },
      "minecraft:emitter_lifetime_once": {
        "active_time": 0.15
      },
      "minecraft:emitter_shape_point": {
        "offset": [0, 1.5, 0],
        "direction": [
          "Math.random(-0.75, 0.75)",
          "Math.random(-1.0, 1.0)",
          "Math.random(-0.75, 0.75)"
        ]
      },
      "minecraft:particle_lifetime_expression": {
        "max_lifetime": 1
      },
      "minecraft:particle_initial_speed": "Math.random(10.0, 20.0)",
      "minecraft:particle_motion_dynamic": {
        "linear_acceleration": [0, -12, 0],
        "linear_drag_coefficient": 10
      },
      "minecraft:particle_appearance_billboard": {
        "size": [
          "0.10 + variable.particle_random_1*0.05",
          "0.10 + variable.particle_random_1*0.05"
        ],
        "facing_camera_mode": "lookat_xyz",
        "uv": {
          "texture_width": 128,
          "texture_height": 128,
          "flipbook": {
            "base_UV": [0, 72],
            "size_UV": [8, 8],
            "step_UV": [8, 0],
            "frames_per_second": 8,
            "max_frame": 8,
            "stretch_to_lifetime": true
          }
        }
      },
      "minecraft:particle_appearance_lighting": {},
      "minecraft:particle_appearance_tinting": {
        "color": [0.56863, 0.38039, 0.36863, 1]
      }
    }
  }
}
