{
	"format_version": "1.10.0",
	"particle_effect": {
		"description": {
			"identifier": "raiyon:enchanted_hit",
			"basic_render_parameters": {
				"material": "particles_blend",
				"texture": "textures/particle/enchanted_hit"
			}
		},
		"components": {
			"minecraft:emitter_rate_instant": {
				"num_particles": "math.random(10,15)"
			},
			"minecraft:emitter_lifetime_once": {
				"active_time": 0.15
			},
			"minecraft:emitter_shape_sphere": {
				"offset": [0, 1, 0],
				"direction": ["Math.random(-0.75, 0.75)", "Math.random(-1.0, 1.0)", "Math.random(-0.75, 0.75)"]
			},
			"minecraft:particle_lifetime_expression": {
				"max_lifetime": "6.0 / (Math.random(0.0, 16.0) + 12.0)"
			},
			"minecraft:particle_initial_speed": "Math.random(10.0, 20.0)",
			"minecraft:particle_motion_dynamic": {
				"linear_acceleration": [0, -12, 0],
				"linear_drag_coefficient": 10
			},
			"minecraft:particle_appearance_billboard": {
				"size": ["0.10 + variable.particle_random_1*0.05", "0.10 + variable.particle_random_1*0.05"],
				"facing_camera_mode": "lookat_xyz",
				"uv": {
					"texture_width": 80,
					"texture_height": 80,
					"uv": [0, 0],
					"uv_size": [70, 70]
				}
			},
			"minecraft:particle_appearance_tinting": {
				"color": [0.22745, 0.48627, 0.45882, 1]
			}
		}
	}
}
0.10 + variable.particle_random_1*0.05
0.10+variable.particle_random_1*0.05
0.10 + variable.particle_random_1*0.05
0.10+variable.particle_random_1*0.05