{
	"format_version": "1.8.0",
	"animations": {
		"animation.humanoid.melapelas": {
			"loop": true,
			"animation_length": 2.08,
			"bones": {
				"root": {
					"rotation": {
						"0.0": [0, 0, 0],
						"2.08": [0, 0, 0]
					},
					"position": {
						"0.0": [0, 0, 0],
						"2.08": [0, 0, 0]
					},
					"scale": {
						"0.0": [1, 1, 1],
						"2.08": [1, 1, 1]
					}
				},
				"waist": {
					"rotation": {
						"0.0": [0, 0, 0],
						"0.28": [0, 50, 0],
						"0.48": [0, 25, 0],
						"0.68": [0, 0, 0],
						"0.88": [0, -25, 0],
						"1.08": [0, -50, 0],
						"1.28": [0, -25, 0],
						"1.48": [0, 0, 0],
						"2.08": [0, 0, 0]
					},
					"position": {
						"0.0": [0, 0, 0],
						"2.08": [0, 0, 0]
					},
					"scale": {
						"0.0": [1, 1, 1],
						"2.08": [1, 1, 1]
					}
				},
				"body": {
					"rotation": {
						"0.0": [0, 0, 0],
						"2.08": [0, 0, 0]
					},
					"position": {
						"0.0": [0, 0, 0],
						"2.08": [0, 0, 0]
					},
					"scale": {
						"0.0": [1, 1, 1],
						"2.08": [1, 1, 1]
					}
				},
				"bone": {
					"rotation": {
						"0.0": [0, 0, 0],
						"2.08": [0, 0, 0]
					},
					"position": {
						"0.0": [0, 0, 0],
						"2.08": [0, 0, 0]
					},
					"scale": {
						"0.0": [1, 1.025, 1],
						"2.08": [1, 1.025, 1]
					}
				},
				"head": {
					"rotation": {
						"0.0": [0, 0, 0],
						"0.28": [5, 0, 0],
						"0.48": [-5, 0, 0],
						"0.68": [5, 0, 0],
						"0.88": [-5, 0, 0],
						"1.08": [5, 0, 0],
						"1.28": [-5, 0, 0],
						"1.48": [5, 0, 0],
						"2.08": [0, 0, 0]
					},
					"position": {
						"0.0": [0, 0, 0],
						"2.08": [0, 0, 0]
					},
					"scale": {
						"0.0": [1, 1, 1],
						"2.08": [1, 1, 1]
					}
				},
				"hat": {
					"rotation": {
						"0.0": [0, 0, 0],
						"2.08": [0, 0, 0]
					},
					"position": {
						"0.0": [0, 0, 0],
						"2.08": [0, 0, 0]
					},
					"scale": {
						"0.0": [1, 1, 1],
						"2.08": [1, 1, 1]
					}
				},
				"cape": {
					"rotation": {
						"0.0": [0, 0, 0],
						"2.08": [0, 0, 0]
					},
					"position": {
						"0.0": [0, 0, 0],
						"2.08": [0, 0, 0]
					},
					"scale": {
						"0.0": [1, 1, 1],
						"2.08": [1, 1, 1]
					}
				},
				"leftArm": {
					"rotation": {
						"0.0": [0, 0, 0],
						"0.28": [-10, 25, 10],
						"2.08": [0, 0, 0]
					},
					"position": {
						"0.0": [0, 0, 0],
						"2.08": [0, 0, 0]
					},
					"scale": {
						"0.0": [1, 1, 1],
						"2.08": [1, 1, 1]
					}
				},
				"la": {
					"rotation": {
						"0.0": [0, 0, 0],
						"0.28": [-50, 0, 0],
						"2.08": [0, 0, 0]
					},
					"position": {
						"0.0": [0, 0, 0],
						"0.28": [0, 1.5, 0.7],
						"2.08": [0, 0, 0]
					},
					"scale": {
						"0.0": [1, 1, 1],
						"2.08": [1, 1, 1]
					}
				},
				"leftSleeve": {
					"rotation": {
						"0.0": [0, 0, 0],
						"2.08": [0, 0, 0]
					},
					"position": {
						"0.0": [0, 0, 0],
						"2.08": [0, 0, 0]
					},
					"scale": {
						"0.0": [1, 1, 1],
						"2.08": [1, 1, 1]
					}
				},
				"ls": {
					"rotation": {
						"0.0": [0, 0, 0],
						"0.28": [-50, 0, 0],
						"2.08": [0, 0, 0]
					},
					"position": {
						"0.0": [0, 0, 0],
						"0.28": [0, 1.5, 0.7],
						"2.08": [0, 0, 0]
					},
					"scale": {
						"0.0": [1, 1, 1],
						"2.08": [1, 1, 1]
					}
				},
				"leftItem": {
					"rotation": {
						"0.0": [0, 0, 0],
						"2.08": [0, 0, 0]
					},
					"position": {
						"0.0": [0, 0, 0],
						"2.08": [0, 0, 0]
					},
					"scale": {
						"0.0": [1, 1, 1],
						"2.08": [1, 1, 1]
					}
				},
				"rightArm": {
					"rotation": {
						"0.0": [0, 0, 0],
						"0.28": [-75, -25, 0],
						"2.08": [0, 0, 0]
					},
					"position": {
						"0.0": [0, 0, 0],
						"0.28": [0, 0, -2],
						"2.08": [0, 0, 0]
					},
					"scale": {
						"0.0": [1, 1, 1],
						"2.08": [1, 1, 1]
					}
				},
				"ra": {
					"rotation": {
						"0.0": [0, 0, 0],
						"0.28": [0, 0, -50],
						"0.48": [0, 0, 0],
						"0.56": [0, 0, -50],
						"0.64": [0, 0, 0],
						"0.72": [0, 0, -50],
						"0.8": [0, 0, 0],
						"0.88": [0, 0, 0],
						"0.96": [0, 0, -50],
						"1.04": [0, 0, 0],
						"1.12": [0, 0, -50],
						"1.2": [0, 0, 0],
						"2.08": [0, 0, 0]
					},
					"position": {
						"0.0": [0, 0, 0],
						"0.28": [-0.7, 1.5, 0],
						"0.48": [0, 0, 0],
						"0.56": [-0.7, 1.5, 0],
						"0.64": [0, 0, 0],
						"0.72": [-0.7, 1.5, 0],
						"0.8": [0, 0, 0],
						"0.88": [0, 0, 0],
						"0.96": [-0.7, 1.5, 0],
						"1.04": [0, 0, 0],
						"1.12": [-0.7, 1.5, 0],
						"1.2": [0, 0, 0],
						"2.08": [0, 0, 0]
					},
					"scale": {
						"0.0": [1, 1, 1],
						"2.08": [1, 1, 1]
					}
				},
				"rightItem": {
					"rotation": {
						"0.0": [0, 0, 0],
						"2.08": [0, 0, 0]
					},
					"position": {
						"0.0": [0, 0, 0],
						"2.08": [0, 0, 0]
					},
					"scale": {
						"0.0": [1, 1, 1],
						"2.08": [1, 1, 1]
					}
				},
				"rightSleeve": {
					"rotation": {
						"0.0": [0, 0, 0],
						"2.08": [0, 0, 0]
					},
					"position": {
						"0.0": [0, 0, 0],
						"2.08": [0, 0, 0]
					},
					"scale": {
						"0.0": [1, 1, 1],
						"2.08": [1, 1, 1]
					}
				},
				"rs": {
					"rotation": {
						"0.0": [0, 0, 0],
						"0.28": [0, 0, -50],
						"0.48": [0, 0, 0],
						"0.56": [0, 0, -50],
						"0.64": [0, 0, 0],
						"0.72": [0, 0, -50],
						"0.8": [0, 0, 0],
						"0.88": [0, 0, 0],
						"0.96": [0, 0, -50],
						"1.04": [0, 0, 0],
						"1.12": [0, 0, -50],
						"1.2": [0, 0, 0],
						"2.08": [0, 0, 0]
					},
					"position": {
						"0.0": [0, 0, 0],
						"0.28": [-0.7, 1.5, 0],
						"0.48": [0, 0, 0],
						"0.56": [-0.7, 1.5, 0],
						"0.64": [0, 0, 0],
						"0.72": [-0.7, 1.5, 0],
						"0.8": [0, 0, 0],
						"0.88": [0, 0, 0],
						"0.96": [-0.7, 1.5, 0],
						"1.04": [0, 0, 0],
						"1.12": [-0.7, 1.5, 0],
						"1.2": [0, 0, 0],
						"2.08": [0, 0, 0]
					},
					"scale": {
						"0.0": [1, 1, 1],
						"2.08": [1, 1, 1]
					}
				},
				"jacket": {
					"rotation": {
						"0.0": [0, 0, 0],
						"2.08": [0, 0, 0]
					},
					"position": {
						"0.0": [0, 0, 0],
						"2.08": [0, 0, 0]
					},
					"scale": {
						"0.0": [1, 1, 1],
						"2.08": [1, 1, 1]
					}
				},
				"j": {
					"rotation": {
						"0.0": [0, 0, 0],
						"2.08": [0, 0, 0]
					},
					"position": {
						"0.0": [0, 0, 0],
						"2.08": [0, 0, 0]
					},
					"scale": {
						"0.0": [1, 1, 1],
						"2.08": [1, 1, 1]
					}
				},
				"leftLeg": {
					"rotation": {
						"0.0": [0, 0, 0],
						"2.08": [0, 0, 0]
					},
					"position": {
						"0.0": [0, 0, 0],
						"2.08": [0, 0, 0]
					},
					"scale": {
						"0.0": [1, 1, 1],
						"2.08": [1, 1, 1]
					}
				},
				"ll": {
					"rotation": {
						"0.0": [0, 0, 0],
						"2.08": [0, 0, 0]
					},
					"position": {
						"0.0": [0, 0, 0],
						"2.08": [0, 0, 0]
					},
					"scale": {
						"0.0": [1, 1, 1],
						"2.08": [1, 1, 1]
					}
				},
				"leftPants": {
					"rotation": {
						"0.0": [0, 0, 0],
						"2.08": [0, 0, 0]
					},
					"position": {
						"0.0": [0, 0, 0],
						"2.08": [0, 0, 0]
					},
					"scale": {
						"0.0": [1, 1, 1],
						"2.08": [1, 1, 1]
					}
				},
				"lp": {
					"rotation": {
						"0.0": [0, 0, 0],
						"2.08": [0, 0, 0]
					},
					"position": {
						"0.0": [0, 0, 0],
						"2.08": [0, 0, 0]
					},
					"scale": {
						"0.0": [1, 1, 1],
						"2.08": [1, 1, 1]
					}
				},
				"rightLeg": {
					"rotation": {
						"0.0": [0, 0, 0],
						"2.08": [0, 0, 0]
					},
					"position": {
						"0.0": [0, 0, 0],
						"2.08": [0, 0, 0]
					},
					"scale": {
						"0.0": [1, 1, 1],
						"2.08": [1, 1, 1]
					}
				},
				"rl": {
					"rotation": {
						"0.0": [0, 0, 0],
						"2.08": [0, 0, 0]
					},
					"position": {
						"0.0": [0, 0, 0],
						"2.08": [0, 0, 0]
					},
					"scale": {
						"0.0": [1, 1, 1],
						"2.08": [1, 1, 1]
					}
				},
				"rightPants": {
					"rotation": {
						"0.0": [0, 0, 0],
						"2.08": [0, 0, 0]
					},
					"position": {
						"0.0": [0, 0, 0],
						"2.08": [0, 0, 0]
					},
					"scale": {
						"0.0": [1, 1, 1],
						"2.08": [1, 1, 1]
					}
				},
				"rp": {
					"rotation": {
						"0.0": [0, 0, 0],
						"2.08": [0, 0, 0]
					},
					"position": {
						"0.0": [0, 0, 0],
						"2.08": [0, 0, 0]
					},
					"scale": {
						"0.0": [1, 1, 1],
						"2.08": [1, 1, 1]
					}
				}
			}
		}
	}
}