{
	"format_version": "1.8.0",
	"animations": {
		"animation.humanoid.customm.baile_22": {
			"loop": true,
			"animation_length": 0.95833,
			"bones": {
				"root": {
					"position": {
						"0.0": [0, -2.8, 2],
						"0.0417": [0, -2.8, 2],
						"0.25": [0, -0.3, 0],
						"0.4583": [0, -2.8, 2],
						"0.5": [0, -2.8, 2],
						"0.7083": [0, -0.3, 0],
						"0.9167": [0, -2.8, 2],
						"0.9583": [0, -2.8, 2]
					}
				},
				"leftArm": {
					"rotation": {
						"0.0": [-25, 0, 25],
						"0.0417": [-25, 0, 25],
						"0.25": [-25, 0, -15],
						"0.4583": [-25, 0, 5],
						"0.5": [-25, 0, 5],
						"0.7083": [-25, 0, -15],
						"0.9167": [-25, 0, 25],
						"0.9583": [-25, 0, 25]
					},
					"position": {
						"0.0": [-0.8, -0.2, -1],
						"0.0417": [-0.8, -0.2, -1],
						"0.25": [0.6, -0.2, -1],
						"0.4583": [-0.4, -0.2, -1],
						"0.5": [-0.4, -0.2, -1],
						"0.7083": [0.6, -0.2, -1],
						"0.9167": [-0.8, -0.2, -1],
						"0.9583": [-0.8, -0.2, -1]
					}
				},
				"la": {
					"rotation": {
						"0.0": [0, 0, 45],
						"0.0417": [0, 0, 45],
						"0.9167": [0, 0, 45],
						"0.9583": [0, 0, 45]
					},
					"position": {
						"0.0": [0.9, 2.2, 0],
						"0.0417": [0.9, 2.2, 0],
						"0.9167": [0.9, 2.2, 0],
						"0.9583": [0.9, 2.2, 0]
					}
				},
				"ls": {
					"rotation": {
						"0.0": [0, 0, 45],
						"0.0417": [0, 0, 45],
						"0.9167": [0, 0, 45],
						"0.9583": [0, 0, 45]
					},
					"position": {
						"0.0": [0.5, 1.2, 0],
						"0.0417": [0.5, 1.2, 0],
						"0.9167": [0.5, 1.2, 0],
						"0.9583": [0.5, 1.2, 0]
					}
				},
				"rightArm": {
					"rotation": {
						"0.0": [-25, 0, -5],
						"0.0417": [-25, 0, -5],
						"0.25": [-25, 0, 15],
						"0.4583": [-25, 0, -25],
						"0.5": [-25, 0, -25],
						"0.7083": [-25, 0, 15],
						"0.9167": [-25, 0, -5],
						"0.9583": [-25, 0, -5]
					},
					"position": {
						"0.0": [0.7, -0.3, -1.4],
						"0.0417": [0.7, -0.3, -1.4],
						"0.25": [-0.8, 0.2, -1.4],
						"0.4583": [1.3, -0.7, -1.4],
						"0.5": [1.3, -0.7, -1.4],
						"0.7083": [-0.8, 0.2, -1.4],
						"0.9167": [0.7, -0.3, -1.4],
						"0.9583": [0.7, -0.3, -1.4]
					}
				},
				"ra": {
					"rotation": {
						"0.0": [0, 0, -45],
						"0.0417": [0, 0, -45],
						"0.9167": [0, 0, -45],
						"0.9583": [0, 0, -45]
					},
					"position": {
						"0.0": [-0.6, 1.4, 0],
						"0.0417": [-0.6, 1.4, 0],
						"0.9167": [-0.6, 1.4, 0],
						"0.9583": [-0.6, 1.4, 0]
					}
				},
				"rs": {
					"rotation": {
						"0.0": [0, 0, -45],
						"0.0417": [0, 0, -45],
						"0.9167": [0, 0, -45],
						"0.9583": [0, 0, -45]
					},
					"position": {
						"0.0": [-0.5, 1.2, 0],
						"0.0417": [-0.5, 1.2, 0],
						"0.9167": [-0.5, 1.2, 0],
						"0.9583": [-0.5, 1.2, 0]
					}
				},
				"leftLeg": {
					"rotation": {
						"0.0": [-45, -60, -30],
						"0.0417": [-45, -60, -30],
						"0.25": [10, 0, -5],
						"0.4583": [-40, 0, -5],
						"0.5": [-40, 0, -5],
						"0.7083": [10, 0, -5],
						"0.9167": [-45, -60, -30],
						"0.9583": [-45, -60, -30]
					},
					"position": {
						"0.0": [-1, 0, 0],
						"0.0417": [-1, 0, 0],
						"0.25": [0, 0, 0],
						"0.4583": [0, 0, 0],
						"0.5": [0, 0, 0],
						"0.7083": [0, 0, 0],
						"0.9167": [-1, 0, 0],
						"0.9583": [-1, 0, 0]
					},
					"scale": {
						"0.0": [1, 1, 1],
						"0.0417": [1, 1, 1],
						"0.9167": [1, 1, 1],
						"0.9583": [1, 1, 1]
					}
				},
				"ll": {
					"rotation": {
						"0.0": [40, 0, 0],
						"0.0417": [40, 0, 0],
						"0.25": [5, 0, 0],
						"0.4583": [45, 0, 0],
						"0.5": [45, 0, 0],
						"0.7083": [5, 0, 0],
						"0.9167": [40, 0, 0],
						"0.9583": [40, 0, 0]
					},
					"position": {
						"0.0": [0, 1.3, -0.5],
						"0.0417": [0, 1.3, -0.5],
						"0.25": [0, 0.2, 0],
						"0.4583": [0, 1.4, -0.6],
						"0.5": [0, 1.4, -0.6],
						"0.7083": [0, 0.2, 0],
						"0.9167": [0, 1.3, -0.5],
						"0.9583": [0, 1.3, -0.5]
					}
				},
				"lp": {
					"rotation": {
						"0.0": [42.5, 0, 0],
						"0.0417": [42.5, 0, 0],
						"0.25": [5, 0, 0],
						"0.4583": [45, 0, 0],
						"0.5": [45, 0, 0],
						"0.7083": [5, 0, 0],
						"0.9167": [42.5, 0, 0],
						"0.9583": [42.5, 0, 0]
					},
					"position": {
						"0.0": [0, 1.3, -0.6],
						"0.0417": [0, 1.3, -0.6],
						"0.25": [0, 0.2, 0],
						"0.4583": [0, 1.5, -0.7],
						"0.5": [0, 1.5, -0.7],
						"0.7083": [0, 0.2, 0],
						"0.9167": [0, 1.3, -0.6],
						"0.9583": [0, 1.3, -0.6]
					}
				},
				"rightLeg": {
					"rotation": {
						"0.0": [-40, 0, 5],
						"0.0417": [-40, 0, 5],
						"0.25": [-2.5, 0, 5],
						"0.4583": [-45, 60, 30],
						"0.5": [-45, 60, 30],
						"0.7083": [-2.5, 0, 5],
						"0.9167": [-40, 0, 5],
						"0.9583": [-40, 0, 5]
					},
					"position": {
						"0.0": [0, 0, 0],
						"0.0417": [0, 0, 0],
						"0.25": [0, 0, 0],
						"0.4583": [1, 0, 0],
						"0.5": [1, 0, 0],
						"0.7083": [0, 0, 0],
						"0.9167": [0, 0, 0],
						"0.9583": [0, 0, 0]
					}
				},
				"rl": {
					"rotation": {
						"0.0": [45, 0, 0],
						"0.0417": [45, 0, 0],
						"0.25": [5, 0, 0],
						"0.4583": [40, 0, 0],
						"0.5": [40, 0, 0],
						"0.7083": [5, 0, 0],
						"0.9167": [45, 0, 0],
						"0.9583": [45, 0, 0]
					},
					"position": {
						"0.0": [0, 1.4, -0.6],
						"0.0417": [0, 1.4, -0.6],
						"0.25": [0, 0.2, 0],
						"0.4583": [0, 1.3, -0.5],
						"0.5": [0, 1.3, -0.5],
						"0.7083": [0, 0.2, 0],
						"0.9167": [0, 1.4, -0.6],
						"0.9583": [0, 1.4, -0.6]
					}
				},
				"rp": {
					"rotation": {
						"0.0": [45, 0, 0],
						"0.0417": [45, 0, 0],
						"0.25": [5, 0, 0],
						"0.4583": [42.5, 0, 0],
						"0.5": [42.5, 0, 0],
						"0.7083": [5, 0, 0],
						"0.9167": [45, 0, 0],
						"0.9583": [45, 0, 0]
					},
					"position": {
						"0.0": [0, 1.5, -0.7],
						"0.0417": [0, 1.5, -0.7],
						"0.25": [0, 0.3, 0],
						"0.4583": [0, 1.3, -0.6],
						"0.5": [0, 1.3, -0.6],
						"0.7083": [0, 0.3, 0],
						"0.9167": [0, 1.5, -0.7],
						"0.9583": [0, 1.5, -0.7]
					}
				},
				"waist": {
					"rotation": {
						"0.0": [0, -5, -7.5],
						"0.0417": [0, -5, -7.5],
						"0.25": [0, 0, 0],
						"0.4583": [0, 5, 7.5],
						"0.5": [0, 5, 7.5],
						"0.7083": [0, 0, 0],
						"0.9167": [0, -5, -7.5],
						"0.9583": [0, -5, -7.5]
					},
					"position": {
						"0.0": [0, 0, 0],
						"0.0417": [0, 0, 0],
						"0.25": [0, 0, 0],
						"0.4583": [0, 0, 0],
						"0.5": [0, 0, 0],
						"0.7083": [0, 0, 0],
						"0.9167": [0, 0, 0],
						"0.9583": [0, 0, 0]
					}
				},
				"head": {
					"rotation": {
						"0.0": [0, 0, 0],
						"0.0417": [0, 0, 0],
						"0.25": [0, 0, 0],
						"0.4583": [0, 0, 0],
						"0.5": [0, 0, 0],
						"0.7083": [0, 0, 0],
						"0.9167": [0, 0, 0],
						"0.9583": [0, 0, 0]
					}
				}
			}
		}
	}
}