{
	"format_version": "1.8.0",
	"animations": {
		"animation.humanoid.naca": {
			"loop": true,
			"animation_length": 5.6,
			"bones": {
				"root": {
					"rotation": {
						"0.0": [0, 0, 0],
						"5.6": [0, 0, 0]
					},
					"position": {
						"0.0": [0, 0, 0],
						"0.36": [0, -0.22, 2.05],
						"0.4": [0, -0.22, 2.05],
						"0.72": [0, -0.22, -2.15],
						"0.76": [0, -0.22, -2.15],
						"1.12": [0, -0.22, 2.05],
						"1.16": [0, -0.22, 2.05],
						"1.48": [0, -0.22, -2.15],
						"1.52": [0, -0.22, -2.15],
						"1.88": [0, -0.22, 2.05],
						"1.92": [0, -0.22, 2.05],
						"2.24": [0, -0.22, -2.15],
						"2.28": [0, -0.22, -2.15],
						"2.6": [0, -0.22, 2.05],
						"2.64": [0, -0.22, 2.05],
						"2.96": [0, -0.22, -2.15],
						"3.0": [0, -0.22, -2.15],
						"3.32": [0, -0.22, 2.05],
						"3.36": [0, -0.22, 2.05],
						"3.68": [0, -0.22, -2.15],
						"3.72": [0, -0.22, -2.15],
						"4.04": [0, -0.22, 2.05],
						"4.08": [0, -0.22, 2.05],
						"4.44": [0, -0.22, -2.15],
						"4.48": [0, -0.22, -2.15],
						"4.84": [0, -0.22, 2.05],
						"4.88": [0, -0.22, 2.05],
						"5.2": [0, -0.22, -2.15],
						"5.24": [0, -0.22, -2.15],
						"5.6": [0, 0, 0]
					},
					"scale": {
						"0.0": [1, 1, 1],
						"0.36": [1, 0.975, 1],
						"0.4": [1, 0.975, 1],
						"0.72": [1, 1, 1],
						"0.76": [1, 1, 1],
						"1.12": [1, 0.975, 1],
						"1.16": [1, 0.975, 1],
						"1.48": [1, 1, 1],
						"1.52": [1, 1, 1],
						"1.88": [1, 0.975, 1],
						"1.92": [1, 0.975, 1],
						"2.24": [1, 1, 1],
						"2.28": [1, 1, 1],
						"2.6": [1, 0.975, 1],
						"2.64": [1, 0.975, 1],
						"2.96": [1, 1, 1],
						"3.0": [1, 1, 1],
						"3.32": [1, 0.975, 1],
						"3.36": [1, 0.975, 1],
						"3.68": [1, 1, 1],
						"3.72": [1, 1, 1],
						"4.04": [1, 0.975, 1],
						"4.08": [1, 0.975, 1],
						"4.44": [1, 1, 1],
						"4.48": [1, 1, 1],
						"4.84": [1, 0.975, 1],
						"4.88": [1, 0.975, 1],
						"5.2": [1, 1, 1],
						"5.24": [1, 1, 1],
						"5.6": [1, 1, 1]
					}
				},
				"waist": {
					"rotation": {
						"0.0": [0, 0, 0],
						"0.36": [10, 0, 0],
						"0.4": [10, 0, 0],
						"0.72": [-10, 0, 0],
						"0.76": [-10, 0, 0],
						"1.12": [10, 0, 0],
						"1.16": [10, 0, 0],
						"1.48": [-10, 0, 0],
						"1.52": [-10, 0, 0],
						"1.88": [10, 0, 0],
						"1.92": [10, 0, 0],
						"2.24": [-10, 0, 0],
						"2.28": [-10, 0, 0],
						"2.6": [10, 0, 0],
						"2.64": [10, 0, 0],
						"2.96": [-10, 0, 0],
						"3.0": [-10, 0, 0],
						"3.32": [10, 0, 0],
						"3.36": [10, 0, 0],
						"3.68": [-10, 0, 0],
						"3.72": [-10, 0, 0],
						"4.04": [10, 0, 0],
						"4.08": [10, 0, 0],
						"4.44": [-10, 0, 0],
						"4.48": [-10, 0, 0],
						"4.84": [10, 0, 0],
						"4.88": [10, 0, 0],
						"5.2": [-10, 0, 0],
						"5.24": [-10, 0, 0],
						"5.6": [0, 0, 0]
					},
					"position": {
						"0.0": [0, 0, 0],
						"5.6": [0, 0, 0]
					},
					"scale": {
						"0.0": [1, 1, 1],
						"5.6": [1, 1, 1]
					}
				},
				"body": {
					"rotation": {
						"0.0": [0, 0, 0],
						"5.6": [0, 0, 0]
					},
					"position": {
						"0.0": [0, 0, 0],
						"5.6": [0, 0, 0]
					},
					"scale": {
						"0.0": [1, 1, 1],
						"5.6": [1, 1, 1]
					}
				},
				"bone": {
					"rotation": {
						"0.0": [0, 0, 0],
						"5.6": [0, 0, 0]
					},
					"position": {
						"0.0": [0, 0, 0],
						"5.6": [0, 0, 0]
					},
					"scale": {
						"0.0": [1, 1.025, 1],
						"5.6": [1, 1.025, 1]
					}
				},
				"head": {
					"rotation": {
						"0.0": [0, 0, 0],
						"0.36": [25, 0, 0],
						"0.4": [25, 0, 0],
						"1.12": [25, 0, 0],
						"1.16": [25, 0, 0],
						"1.88": [25, 0, 0],
						"1.92": [25, 0, 0],
						"2.6": [25, 0, 0],
						"2.64": [25, 0, 0],
						"3.32": [25, 0, 0],
						"3.36": [25, 0, 0],
						"4.04": [25, 0, 0],
						"4.08": [25, 0, 0],
						"4.84": [25, 0, 0],
						"4.88": [25, 0, 0],
						"5.6": [0, 0, 0]
					},
					"position": {
						"0.0": [0, 0, 0],
						"5.6": [0, 0, 0]
					},
					"scale": {
						"0.0": [1, 1, 1],
						"5.6": [1, 1, 1]
					}
				},
				"cape": {
					"rotation": {
						"0.0": [0, 0, 0],
						"5.6": [0, 0, 0]
					},
					"position": {
						"0.0": [0, 0, 0],
						"5.6": [0, 0, 0]
					},
					"scale": {
						"0.0": [1, 1, 1],
						"5.6": [1, 1, 1]
					}
				},
				"leftArm": {
					"rotation": {
						"0.0": [0, 0, 0],
						"0.36": [-50, 0, 0],
						"0.4": [-50, 0, 0],
						"0.72": [40, 0, 0],
						"0.76": [40, 0, 0],
						"1.12": [-50, 0, 0],
						"1.16": [-50, 0, 0],
						"1.48": [40, 0, 0],
						"1.52": [40, 0, 0],
						"1.88": [-50, 0, 0],
						"1.92": [-50, 0, 0],
						"2.24": [40, 0, 0],
						"2.28": [40, 0, 0],
						"2.6": [-50, 0, 0],
						"2.64": [-50, 0, 0],
						"2.96": [40, 0, 0],
						"3.0": [40, 0, 0],
						"3.32": [-50, 0, 0],
						"3.36": [-50, 0, 0],
						"3.68": [40, 0, 0],
						"3.72": [40, 0, 0],
						"4.04": [-50, 0, 0],
						"4.08": [-50, 0, 0],
						"4.44": [40, 0, 0],
						"4.48": [40, 0, 0],
						"4.84": [-50, 0, 0],
						"4.88": [-50, 0, 0],
						"5.2": [40, 0, 0],
						"5.24": [40, 0, 0],
						"5.6": [0, 0, 0]
					},
					"position": {
						"0.0": [0, 0, 0],
						"5.6": [0, 0, 0]
					},
					"scale": {
						"0.0": [1, 1, 1],
						"5.6": [1, 1, 1]
					}
				},
				"la": {
					"rotation": {
						"0.0": [0, 0, 0],
						"5.6": [0, 0, 0]
					},
					"position": {
						"0.0": [0, 0, 0],
						"5.6": [0, 0, 0]
					},
					"scale": {
						"0.0": [1, 1, 1],
						"5.6": [1, 1, 1]
					}
				},
				"leftSleeve": {
					"rotation": {
						"0.0": [0, 0, 0],
						"5.6": [0, 0, 0]
					},
					"position": {
						"0.0": [0, 0, 0],
						"5.6": [0, 0, 0]
					},
					"scale": {
						"0.0": [1, 1, 1],
						"5.6": [1, 1, 1]
					}
				},
				"ls": {
					"rotation": {
						"0.0": [0, 0, 0],
						"5.6": [0, 0, 0]
					},
					"position": {
						"0.0": [0, 0, 0],
						"5.6": [0, 0, 0]
					},
					"scale": {
						"0.0": [1, 1, 1],
						"5.6": [1, 1, 1]
					}
				},
				"leftItem": {
					"rotation": {
						"0.0": [0, 0, 0],
						"5.6": [0, 0, 0]
					},
					"position": {
						"0.0": [0, 0, 0],
						"5.6": [0, 0, 0]
					},
					"scale": {
						"0.0": [1, 1, 1],
						"5.6": [1, 1, 1]
					}
				},
				"rightArm": {
					"rotation": {
						"0.0": [0, 0, 0],
						"0.36": [-50, 0, 0],
						"0.4": [-50, 0, 0],
						"0.72": [40, 0, 0],
						"0.76": [40, 0, 0],
						"1.12": [-50, 0, 0],
						"1.16": [-50, 0, 0],
						"1.48": [40, 0, 0],
						"1.52": [40, 0, 0],
						"1.88": [-50, 0, 0],
						"1.92": [-50, 0, 0],
						"2.24": [40, 0, 0],
						"2.28": [40, 0, 0],
						"2.6": [-50, 0, 0],
						"2.64": [-50, 0, 0],
						"2.96": [40, 0, 0],
						"3.0": [40, 0, 0],
						"3.32": [-50, 0, 0],
						"3.36": [-50, 0, 0],
						"3.68": [40, 0, 0],
						"3.72": [40, 0, 0],
						"4.04": [-50, 0, 0],
						"4.08": [-50, 0, 0],
						"4.44": [40, 0, 0],
						"4.48": [40, 0, 0],
						"4.84": [-50, 0, 0],
						"4.88": [-50, 0, 0],
						"5.2": [40, 0, 0],
						"5.24": [40, 0, 0],
						"5.6": [0, 0, 0]
					},
					"position": {
						"0.0": [0, 0, 0],
						"5.6": [0, 0, 0]
					},
					"scale": {
						"0.0": [1, 1, 1],
						"5.6": [1, 1, 1]
					}
				},
				"ra": {
					"rotation": {
						"0.0": [0, 0, 0],
						"5.6": [0, 0, 0]
					},
					"position": {
						"0.0": [0, 0, 0],
						"5.6": [0, 0, 0]
					},
					"scale": {
						"0.0": [1, 1, 1],
						"5.6": [1, 1, 1]
					}
				},
				"rightItem": {
					"rotation": {
						"0.0": [0, 0, 0],
						"5.6": [0, 0, 0]
					},
					"position": {
						"0.0": [0, 0, 0],
						"5.6": [0, 0, 0]
					},
					"scale": {
						"0.0": [1, 1, 1],
						"5.6": [1, 1, 1]
					}
				},
				"rightSleeve": {
					"rotation": {
						"0.0": [0, 0, 0],
						"5.6": [0, 0, 0]
					},
					"position": {
						"0.0": [0, 0, 0],
						"5.6": [0, 0, 0]
					},
					"scale": {
						"0.0": [1, 1, 1],
						"5.6": [1, 1, 1]
					}
				},
				"rs": {
					"rotation": {
						"0.0": [0, 0, 0],
						"5.6": [0, 0, 0]
					},
					"position": {
						"0.0": [0, 0, 0],
						"5.6": [0, 0, 0]
					},
					"scale": {
						"0.0": [1, 1, 1],
						"5.6": [1, 1, 1]
					}
				},
				"jacket": {
					"rotation": {
						"0.0": [0, 0, 0],
						"5.6": [0, 0, 0]
					},
					"position": {
						"0.0": [0, 0, 0],
						"5.6": [0, 0, 0]
					},
					"scale": {
						"0.0": [1, 1, 1],
						"5.6": [1, 1, 1]
					}
				},
				"j": {
					"rotation": {
						"0.0": [0, 0, 0],
						"5.6": [0, 0, 0]
					},
					"position": {
						"0.0": [0, 0, 0],
						"5.6": [0, 0, 0]
					},
					"scale": {
						"0.0": [1, 1, 1],
						"5.6": [1, 1, 1]
					}
				},
				"leftLeg": {
					"rotation": {
						"0.0": [0, 0, 0],
						"0.36": [-10, 0, 0],
						"0.4": [-10, 0, 0],
						"0.72": [10, 0, 0],
						"0.76": [10, 0, 0],
						"1.12": [-10, 0, 0],
						"1.16": [-10, 0, 0],
						"1.48": [10, 0, 0],
						"1.52": [10, 0, 0],
						"1.88": [-10, 0, 0],
						"1.92": [-10, 0, 0],
						"2.24": [10, 0, 0],
						"2.28": [10, 0, 0],
						"2.6": [-10, 0, 0],
						"2.64": [-10, 0, 0],
						"2.96": [10, 0, 0],
						"3.0": [10, 0, 0],
						"3.32": [-10, 0, 0],
						"3.36": [-10, 0, 0],
						"3.68": [10, 0, 0],
						"3.72": [10, 0, 0],
						"4.04": [-10, 0, 0],
						"4.08": [-10, 0, 0],
						"4.44": [10, 0, 0],
						"4.48": [10, 0, 0],
						"4.84": [-10, 0, 0],
						"4.88": [-10, 0, 0],
						"5.2": [10, 0, 0],
						"5.24": [10, 0, 0],
						"5.6": [0, 0, 0]
					},
					"position": {
						"0.0": [0, 0, 0],
						"5.6": [0, 0, 0]
					},
					"scale": {
						"0.0": [1, 1, 1],
						"5.6": [1, 1, 1]
					}
				},
				"ll": {
					"rotation": {
						"0.0": [0, 0, 0],
						"5.6": [0, 0, 0]
					},
					"position": {
						"0.0": [0, 0, 0],
						"5.6": [0, 0, 0]
					},
					"scale": {
						"0.0": [1, 1, 1],
						"5.6": [1, 1, 1]
					}
				},
				"leftPants": {
					"rotation": {
						"0.0": [0, 0, 0],
						"5.6": [0, 0, 0]
					},
					"position": {
						"0.0": [0, 0, 0],
						"5.6": [0, 0, 0]
					},
					"scale": {
						"0.0": [1, 1, 1],
						"5.6": [1, 1, 1]
					}
				},
				"lp": {
					"rotation": {
						"0.0": [0, 0, 0],
						"5.6": [0, 0, 0]
					},
					"position": {
						"0.0": [0, 0, 0],
						"5.6": [0, 0, 0]
					},
					"scale": {
						"0.0": [1, 1, 1],
						"5.6": [1, 1, 1]
					}
				},
				"rightLeg": {
					"rotation": {
						"0.0": [0, 0, 0],
						"0.36": [-10, 0, 0],
						"0.4": [-10, 0, 0],
						"0.72": [10, 0, 0],
						"0.76": [10, 0, 0],
						"1.12": [-10, 0, 0],
						"1.16": [-10, 0, 0],
						"1.48": [10, 0, 0],
						"1.52": [10, 0, 0],
						"1.88": [-10, 0, 0],
						"1.92": [-10, 0, 0],
						"2.24": [10, 0, 0],
						"2.28": [10, 0, 0],
						"2.6": [-10, 0, 0],
						"2.64": [-10, 0, 0],
						"2.96": [10, 0, 0],
						"3.0": [10, 0, 0],
						"3.32": [-10, 0, 0],
						"3.36": [-10, 0, 0],
						"3.68": [10, 0, 0],
						"3.72": [10, 0, 0],
						"4.04": [-10, 0, 0],
						"4.08": [-10, 0, 0],
						"4.44": [10, 0, 0],
						"4.48": [10, 0, 0],
						"4.84": [-10, 0, 0],
						"4.88": [-10, 0, 0],
						"5.2": [10, 0, 0],
						"5.24": [10, 0, 0],
						"5.6": [0, 0, 0]
					},
					"position": {
						"0.0": [0, 0, 0],
						"5.6": [0, 0, 0]
					},
					"scale": {
						"0.0": [1, 1, 1],
						"5.6": [1, 1, 1]
					}
				},
				"rl": {
					"rotation": {
						"0.0": [0, 0, 0],
						"5.6": [0, 0, 0]
					},
					"position": {
						"0.0": [0, 0, 0],
						"5.6": [0, 0, 0]
					},
					"scale": {
						"0.0": [1, 1, 1],
						"5.6": [1, 1, 1]
					}
				},
				"rightPants": {
					"rotation": {
						"0.0": [0, 0, 0],
						"5.6": [0, 0, 0]
					},
					"position": {
						"0.0": [0, 0, 0],
						"5.6": [0, 0, 0]
					},
					"scale": {
						"0.0": [1, 1, 1],
						"5.6": [1, 1, 1]
					}
				},
				"rp": {
					"rotation": {
						"0.0": [0, 0, 0],
						"5.6": [0, 0, 0]
					},
					"position": {
						"0.0": [0, 0, 0],
						"5.6": [0, 0, 0]
					},
					"scale": {
						"0.0": [1, 1, 1],
						"5.6": [1, 1, 1]
					}
				}
			}
		}
	}
}