{
	"format_version": "1.8.0",
	"animations": {
		"animation.humanoid.aquiestoy": {
			"loop": true,
			"animation_length": 3.24,
			"bones": {
				"root": {
					"rotation": {
						"0.0": [0, 0, 0],
						"3.24": [0, 0, 0]
					},
					"position": {
						"0.0": [0, 0, 0],
						"0.24": [0, -1.5, 0],
						"0.64": [0, 2, 0],
						"0.96": [0, -1.5, 0],
						"1.28": [0, 2, 0],
						"1.56": [0, -1.5, 0],
						"1.84": [0, 2, 0],
						"2.12": [0, -1.5, 0],
						"2.4": [0, 2, 0],
						"2.68": [0, -1.5, 0],
						"2.96": [0, 2, 0],
						"3.24": [0, 0, 0]
					},
					"scale": {
						"0.0": [1, 1, 1],
						"0.24": [0.96, 0.96, 0.96],
						"0.64": [1.02, 1.02, 1.02],
						"0.96": [0.96, 0.96, 0.96],
						"1.28": [1.02, 1.02, 1.02],
						"1.56": [0.96, 0.96, 0.96],
						"1.84": [1.02, 1.02, 1.02],
						"2.12": [0.96, 0.96, 0.96],
						"2.4": [1.02, 1.02, 1.02],
						"2.68": [0.96, 0.96, 0.96],
						"2.96": [1.02, 1.02, 1.02],
						"3.24": [1, 1, 1]
					}
				},
				"waist": {
					"rotation": {
						"0.0": [0, 0, 0],
						"3.24": [0, 0, 0]
					},
					"position": {
						"0.0": [0, 0, 0],
						"3.24": [0, 0, 0]
					},
					"scale": {
						"0.0": [1, 1, 1],
						"3.24": [1, 1, 1]
					}
				},
				"body": {
					"rotation": {
						"0.0": [0, 0, 0],
						"3.24": [0, 0, 0]
					},
					"position": {
						"0.0": [0, 0, 0],
						"3.24": [0, 0, 0]
					},
					"scale": {
						"0.0": [1, 1, 1],
						"3.24": [1, 1, 1]
					}
				},
				"bone": {
					"rotation": {
						"0.0": [0, 0, 0],
						"3.24": [0, 0, 0]
					},
					"position": {
						"0.0": [0, 0, 0],
						"3.24": [0, 0, 0]
					},
					"scale": {
						"0.0": [1, 1.025, 1],
						"3.24": [1, 1.025, 1]
					}
				},
				"head": {
					"rotation": {
						"0.0": [0, 0, 0],
						"3.24": [0, 0, 0]
					},
					"position": {
						"0.0": [0, 0, 0],
						"3.24": [0, 0, 0]
					},
					"scale": {
						"0.0": [1, 1, 1],
						"3.24": [1, 1, 1]
					}
				},
				"hat": {
					"rotation": {
						"0.0": [0, 0, 0],
						"3.24": [0, 0, 0]
					},
					"position": {
						"0.0": [0, 0, 0],
						"3.24": [0, 0, 0]
					},
					"scale": {
						"0.0": [1, 1, 1],
						"3.24": [1, 1, 1]
					}
				},
				"cape": {
					"rotation": {
						"0.0": [0, 0, 0],
						"3.24": [0, 0, 0]
					},
					"position": {
						"0.0": [0, 0, 0],
						"3.24": [0, 0, 0]
					},
					"scale": {
						"0.0": [1, 1, 1],
						"3.24": [1, 1, 1]
					}
				},
				"leftArm": {
					"rotation": {
						"0.0": [0, 0, 0],
						"0.24": [0, 0, -10],
						"0.64": [0, 0, -160],
						"0.96": [0, 0, -60],
						"1.28": [0, 0, -160],
						"1.56": [0, 0, -60],
						"1.84": [0, 0, -160],
						"2.12": [0, 0, -60],
						"2.4": [0, 0, -160],
						"2.68": [0, 0, -60],
						"2.96": [0, 0, -160],
						"3.24": [0, 0, 0]
					},
					"position": {
						"0.0": [0, 0, 0],
						"0.24": [0.5, 0, 0],
						"0.64": [2, 0, 0],
						"0.96": [0.8, -1, 0],
						"1.28": [2, 0, 0],
						"1.56": [0.8, -1, 0],
						"1.84": [2, 0, 0],
						"2.12": [0.8, -1, 0],
						"2.4": [2, 0, 0],
						"2.68": [0.8, -1, 0],
						"2.96": [2, 0, 0],
						"3.24": [0, 0, 0]
					},
					"scale": {
						"0.0": [1, 1, 1],
						"3.24": [1, 1, 1]
					}
				},
				"la": {
					"rotation": {
						"0.0": [0, 0, 0],
						"3.24": [0, 0, 0]
					},
					"position": {
						"0.0": [0, 0, 0],
						"3.24": [0, 0, 0]
					},
					"scale": {
						"0.0": [1, 1, 1],
						"3.24": [1, 1, 1]
					}
				},
				"leftSleeve": {
					"rotation": {
						"0.0": [0, 0, 0],
						"3.24": [0, 0, 0]
					},
					"position": {
						"0.0": [0, 0, 0],
						"3.24": [0, 0, 0]
					},
					"scale": {
						"0.0": [1, 1, 1],
						"3.24": [1, 1, 1]
					}
				},
				"ls": {
					"rotation": {
						"0.0": [0, 0, 0],
						"3.24": [0, 0, 0]
					},
					"position": {
						"0.0": [0, 0, 0],
						"3.24": [0, 0, 0]
					},
					"scale": {
						"0.0": [1, 1, 1],
						"3.24": [1, 1, 1]
					}
				},
				"leftItem": {
					"rotation": {
						"0.0": [0, 0, 0],
						"3.24": [0, 0, 0]
					},
					"position": {
						"0.0": [0, 0, 0],
						"3.24": [0, 0, 0]
					},
					"scale": {
						"0.0": [1, 1, 1],
						"3.24": [1, 1, 1]
					}
				},
				"rightArm": {
					"rotation": {
						"0.0": [0, 0, 0],
						"0.24": [0, 0, 10],
						"0.64": [0, 0, 160],
						"0.96": [0, 0, 60],
						"1.28": [0, 0, 160],
						"1.56": [0, 0, 60],
						"1.84": [0, 0, 160],
						"2.12": [0, 0, 60],
						"2.4": [0, 0, 160],
						"2.68": [0, 0, 60],
						"2.96": [0, 0, 160],
						"3.24": [0, 0, 0]
					},
					"position": {
						"0.0": [0, 0, 0],
						"0.24": [-0.8, 0, 0],
						"0.64": [-1, 2.4, 0],
						"0.96": [-1, 0, 0],
						"1.28": [-1, 2.4, 0],
						"1.56": [-1, 0, 0],
						"1.84": [-1, 2.4, 0],
						"2.12": [-1, 0, 0],
						"2.4": [-1, 2.4, 0],
						"2.68": [-1, 0, 0],
						"2.96": [-1, 2.4, 0],
						"3.24": [0, 0, 0]
					},
					"scale": {
						"0.0": [1, 1, 1],
						"3.24": [1, 1, 1]
					}
				},
				"ra": {
					"rotation": {
						"0.0": [0, 0, 0],
						"3.24": [0, 0, 0]
					},
					"position": {
						"0.0": [0, 0, 0],
						"3.24": [0, 0, 0]
					},
					"scale": {
						"0.0": [1, 1, 1],
						"3.24": [1, 1, 1]
					}
				},
				"rightItem": {
					"rotation": {
						"0.0": [0, 0, 0],
						"3.24": [0, 0, 0]
					},
					"position": {
						"0.0": [0, 0, 0],
						"3.24": [0, 0, 0]
					},
					"scale": {
						"0.0": [1, 1, 1],
						"3.24": [1, 1, 1]
					}
				},
				"rightSleeve": {
					"rotation": {
						"0.0": [0, 0, 0],
						"3.24": [0, 0, 0]
					},
					"position": {
						"0.0": [0, 0, 0],
						"0.64": [0, 0, 0],
						"1.28": [0, 0, 0],
						"1.84": [0, 0, 0],
						"2.4": [0, 0, 0],
						"2.96": [0, 0, 0],
						"3.24": [0, 0, 0]
					},
					"scale": {
						"0.0": [1, 1, 1],
						"3.24": [1, 1, 1]
					}
				},
				"rs": {
					"rotation": {
						"0.0": [0, 0, 0],
						"3.24": [0, 0, 0]
					},
					"position": {
						"0.0": [0, 0, 0],
						"3.24": [0, 0, 0]
					},
					"scale": {
						"0.0": [1, 1, 1],
						"3.24": [1, 1, 1]
					}
				},
				"jacket": {
					"rotation": {
						"0.0": [0, 0, 0],
						"3.24": [0, 0, 0]
					},
					"position": {
						"0.0": [0, 0, 0],
						"3.24": [0, 0, 0]
					},
					"scale": {
						"0.0": [1, 1, 1],
						"3.24": [1, 1, 1]
					}
				},
				"j": {
					"rotation": {
						"0.0": [0, 0, 0],
						"3.24": [0, 0, 0]
					},
					"position": {
						"0.0": [0, 0, 0],
						"3.24": [0, 0, 0]
					},
					"scale": {
						"0.0": [1, 1, 1],
						"3.24": [1, 1, 1]
					}
				},
				"leftLeg": {
					"rotation": {
						"0.0": [0, 0, 0],
						"0.24": [-27.5, 0, -5],
						"0.64": [0, 0, -5],
						"0.96": [-27.5, 0, -5],
						"1.28": [0, 0, -5],
						"1.56": [-27.5, 0, -5],
						"1.84": [0, 0, -5],
						"2.12": [-27.5, 0, -5],
						"2.4": [0, 0, -5],
						"2.68": [-27.5, 0, -5],
						"2.96": [0, 0, -5],
						"3.24": [0, 0, 0]
					},
					"position": {
						"0.0": [0, 0, 0],
						"3.24": [0, 0, 0]
					},
					"scale": {
						"0.0": [1, 1, 1],
						"3.24": [1, 1, 1]
					}
				},
				"ll": {
					"rotation": {
						"0.0": [0, 0, 0],
						"0.24": [27.5, 0, 0],
						"0.64": [0, 0, 0],
						"0.96": [27.5, 0, 0],
						"1.28": [0, 0, 0],
						"1.56": [27.5, 0, 0],
						"1.84": [0, 0, 0],
						"2.12": [27.5, 0, 0],
						"2.4": [0, 0, 0],
						"2.68": [27.5, 0, 0],
						"2.96": [0, 0, 0],
						"3.24": [0, 0, 0]
					},
					"position": {
						"0.0": [0, 0, 0],
						"0.24": [0, 0.9, -0.2],
						"0.64": [0, 0, 0],
						"0.96": [0, 0.9, -0.2],
						"1.28": [0, 0, 0],
						"1.56": [0, 0.9, -0.2],
						"1.84": [0, 0, 0],
						"2.12": [0, 0.9, -0.2],
						"2.4": [0, 0, 0],
						"2.68": [0, 0.9, -0.2],
						"2.96": [0, 0, 0],
						"3.24": [0, 0, 0]
					},
					"scale": {
						"0.0": [1, 1, 1],
						"3.24": [1, 1, 1]
					}
				},
				"leftPants": {
					"rotation": {
						"0.0": [0, 0, 0],
						"3.24": [0, 0, 0]
					},
					"position": {
						"0.0": [0, 0, 0],
						"3.24": [0, 0, 0]
					},
					"scale": {
						"0.0": [1, 1, 1],
						"3.24": [1, 1, 1]
					}
				},
				"lp": {
					"rotation": {
						"0.0": [0, 0, 0],
						"0.24": [27.5, 0, 0],
						"0.64": [0, 0, 0],
						"0.96": [27.5, 0, 0],
						"1.28": [0, 0, 0],
						"1.56": [27.5, 0, 0],
						"1.84": [0, 0, 0],
						"2.12": [27.5, 0, 0],
						"2.4": [0, 0, 0],
						"2.68": [27.5, 0, 0],
						"2.96": [0, 0, 0],
						"3.24": [0, 0, 0]
					},
					"position": {
						"0.0": [0, 0, 0],
						"0.24": [0, 0.6, -0.1],
						"0.64": [0, 0, 0],
						"0.96": [0, 0.6, -0.1],
						"1.28": [0, 0, 0],
						"1.56": [0, 0.6, -0.1],
						"1.84": [0, 0, 0],
						"2.12": [0, 0.6, -0.1],
						"2.4": [0, 0, 0],
						"2.68": [0, 0.6, -0.1],
						"2.96": [0, 0, 0],
						"3.24": [0, 0, 0]
					},
					"scale": {
						"0.0": [1, 1, 1],
						"3.24": [1, 1, 1]
					}
				},
				"rightLeg": {
					"rotation": {
						"0.0": [0, 0, 0],
						"0.24": [-27.5, 0, 5],
						"0.64": [0, 0, 5],
						"0.96": [-27.5, 0, 5],
						"1.28": [0, 0, 5],
						"1.56": [-27.5, 0, 5],
						"1.84": [0, 0, 5],
						"2.12": [-27.5, 0, 5],
						"2.4": [0, 0, 5],
						"2.68": [-27.5, 0, 5],
						"2.96": [0, 0, 5],
						"3.24": [0, 0, 0]
					},
					"position": {
						"0.0": [0, 0, 0],
						"3.24": [0, 0, 0]
					},
					"scale": {
						"0.0": [1, 1, 1],
						"3.24": [1, 1, 1]
					}
				},
				"rl": {
					"rotation": {
						"0.0": [0, 0, 0],
						"0.24": [27.5, 0, 0],
						"0.64": [0, 0, 0],
						"0.96": [27.5, 0, 0],
						"1.28": [0, 0, 0],
						"1.56": [27.5, 0, 0],
						"1.84": [0, 0, 0],
						"2.12": [27.5, 0, 0],
						"2.4": [0, 0, 0],
						"2.68": [27.5, 0, 0],
						"2.96": [0, 0, 0],
						"3.24": [0, 0, 0]
					},
					"position": {
						"0.0": [0, 0, 0],
						"0.24": [0, 0.9, -0.2],
						"0.64": [0, 0, 0],
						"0.96": [0, 0.9, -0.2],
						"1.28": [0, 0, 0],
						"1.56": [0, 0.9, -0.2],
						"1.84": [0, 0, 0],
						"2.12": [0, 0.9, -0.2],
						"2.4": [0, 0, 0],
						"2.68": [0, 0.9, -0.2],
						"2.96": [0, 0, 0],
						"3.24": [0, 0, 0]
					},
					"scale": {
						"0.0": [1, 1, 1],
						"3.24": [1, 1, 1]
					}
				},
				"rightPants": {
					"rotation": {
						"0.0": [0, 0, 0],
						"3.24": [0, 0, 0]
					},
					"position": {
						"0.0": [0, 0, 0],
						"3.24": [0, 0, 0]
					},
					"scale": {
						"0.0": [1, 1, 1],
						"3.24": [1, 1, 1]
					}
				},
				"rp": {
					"rotation": {
						"0.0": [0, 0, 0],
						"0.24": [27.5, 0, 0],
						"0.64": [0, 0, 0],
						"0.96": [27.5, 0, 0],
						"1.28": [0, 0, 0],
						"1.56": [27.5, 0, 0],
						"1.84": [0, 0, 0],
						"2.12": [27.5, 0, 0],
						"2.4": [0, 0, 0],
						"2.68": [27.5, 0, 0],
						"2.96": [0, 0, 0],
						"3.24": [0, 0, 0]
					},
					"position": {
						"0.0": [0, 0, 0],
						"0.24": [0, 0.6, -0.1],
						"0.64": [0, 0, 0],
						"0.96": [0, 0.6, -0.1],
						"1.28": [0, 0, 0],
						"1.56": [0, 0.6, -0.1],
						"1.84": [0, 0, 0],
						"2.12": [0, 0.6, -0.1],
						"2.4": [0, 0, 0],
						"2.68": [0, 0.6, -0.1],
						"2.96": [0, 0, 0],
						"3.24": [0, 0, 0]
					},
					"scale": {
						"0.0": [1, 1, 1],
						"3.24": [1, 1, 1]
					}
				}
			}
		}
	}
}