{
	"format_version": "1.8.0",
	"animations": {
		"animation.humanoid.custom.dab": {
			"animation_length": 2.5,
			"bones": {
				"waist": {
					"rotation": {
						"0.0": [0, 0, 0],
						"0.4167": [0, 0, 0],
						"0.8333": [0, 0, 0],
						"1.25": [0, 0, 0],
						"1.6667": [0, 0, 0],
						"2.0833": [0, 0, 0],
						"2.5": [0, 0, 0]
					},
					"position": {
						"0.0": [0, 0, 0],
						"0.2083": [0, -1.5, 0],
						"0.4167": [0, 0, 0],
						"0.625": [0, -1.1, 0],
						"0.8333": [0, 0, 0],
						"1.0417": [0, -1.5, 0],
						"1.25": [0, 0, 0],
						"1.4583": [0, -1.1, 0],
						"1.6667": [0, 0, 0],
						"1.875": [0, -1.5, 0],
						"2.0833": [0, 0, 0],
						"2.2917": [0, -1.1, 0],
						"2.5": [0, 0, 0]
					},
					"scale": {
						"0.0": [1, 1, 1],
						"0.4167": [1, 1, 1],
						"0.8333": [1, 1, 1],
						"1.25": [1, 1, 1],
						"1.6667": [1, 1, 1],
						"2.0833": [1, 1, 1],
						"2.5": [1, 1, 1]
					}
				},
				"body": {
					"rotation": {
						"0.0": [0, 0, 0],
						"0.4167": [0, 0, 0],
						"0.8333": [0, 0, 0],
						"1.25": [0, 0, 0],
						"1.6667": [0, 0, 0],
						"2.0833": [0, 0, 0],
						"2.5": [0, 0, 0]
					},
					"position": {
						"0.0": [0, 0, 0],
						"0.2083": [0, -1, -0.2],
						"0.4167": [0, 0, 0],
						"0.8333": [0, 0, 0],
						"1.0417": [0, -1, -0.2],
						"1.25": [0, 0, 0],
						"1.6667": [0, 0, 0],
						"1.875": [0, -1, -0.2],
						"2.0833": [0, 0, 0],
						"2.5": [0, 0, 0]
					},
					"scale": {
						"0.0": [1, 1, 1],
						"0.4167": [1, 1, 1],
						"0.8333": [1, 1, 1],
						"1.25": [1, 1, 1],
						"1.6667": [1, 1, 1],
						"2.0833": [1, 1, 1],
						"2.5": [1, 1, 1]
					}
				},
				"bone": {
					"rotation": {
						"0.0": [0, 0, 0],
						"0.4167": [0, 0, 0],
						"0.8333": [0, 0, 0],
						"1.25": [0, 0, 0],
						"1.6667": [0, 0, 0],
						"2.0833": [0, 0, 0],
						"2.5": [0, 0, 0]
					},
					"position": {
						"0.0": [0, 0, 0],
						"0.4167": [0, 0, 0],
						"0.8333": [0, 0, 0],
						"1.25": [0, 0, 0],
						"1.6667": [0, 0, 0],
						"2.0833": [0, 0, 0],
						"2.5": [0, 0, 0]
					},
					"scale": {
						"0.0": [1, 1, 1],
						"0.4167": [1, 1, 1],
						"0.8333": [1, 1, 1],
						"1.25": [1, 1, 1],
						"1.6667": [1, 1, 1],
						"2.0833": [1, 1, 1],
						"2.5": [1, 1, 1]
					}
				},
				"rightLeg": {
					"rotation": {
						"0.0": [0, 0, 0],
						"0.2083": [-25, 0, 5],
						"0.4167": [0, 0, 0],
						"0.625": [-15, 0, 5],
						"0.8333": [0, 0, 0],
						"1.0417": [-25, 0, 5],
						"1.25": [0, 0, 0],
						"1.4583": [-15, 0, 5],
						"1.6667": [0, 0, 0],
						"1.875": [-25, 0, 5],
						"2.0833": [0, 0, 0],
						"2.2917": [-15, 0, 5],
						"2.5": [0, 0, 0]
					},
					"position": {
						"0.0": [0, 0, 0],
						"0.4167": [0, 0, 0],
						"0.8333": [0, 0, 0],
						"1.25": [0, 0, 0],
						"1.6667": [0, 0, 0],
						"2.0833": [0, 0, 0],
						"2.5": [0, 0, 0]
					},
					"scale": {
						"0.0": [1, 1, 1],
						"0.4167": [1, 1, 1],
						"0.8333": [1, 1, 1],
						"1.25": [1, 1, 1],
						"1.6667": [1, 1, 1],
						"2.0833": [1, 1, 1],
						"2.5": [1, 1, 1]
					}
				},
				"rl": {
					"rotation": {
						"0.0": [0, 0, 0],
						"0.2083": [25, 0, 0],
						"0.4167": [0, 0, 0],
						"0.625": [15, 0, 0],
						"0.8333": [0, 0, 0],
						"1.0417": [25, 0, 0],
						"1.25": [0, 0, 0],
						"1.4583": [15, 0, 0],
						"1.6667": [0, 0, 0],
						"1.875": [25, 0, 0],
						"2.0833": [0, 0, 0],
						"2.2917": [15, 0, 0],
						"2.5": [0, 0, 0]
					},
					"position": {
						"0.0": [0, 0, 0],
						"0.2083": [0, 0.8, -0.2],
						"0.4167": [0, 0, 0],
						"0.625": [0, 0.8, -0.2],
						"0.8333": [0, 0, 0],
						"1.0417": [0, 0.8, -0.2],
						"1.25": [0, 0, 0],
						"1.4583": [0, 0.8, -0.2],
						"1.6667": [0, 0, 0],
						"1.875": [0, 0.8, -0.2],
						"2.0833": [0, 0, 0],
						"2.2917": [0, 0.8, -0.2],
						"2.5": [0, 0, 0]
					},
					"scale": {
						"0.0": [1, 1, 1],
						"0.4167": [1, 1, 1],
						"0.8333": [1, 1, 1],
						"1.25": [1, 1, 1],
						"1.6667": [1, 1, 1],
						"2.0833": [1, 1, 1],
						"2.5": [1, 1, 1]
					}
				},
				"rightArm": {
					"rotation": {
						"0.0": [0, 0, 0],
						"0.2083": [10, 0, 125],
						"0.4167": [0, 0, 0],
						"0.625": [-60, 10, 0],
						"0.8333": [0, 0, 0],
						"1.0417": [10, 0, 125],
						"1.25": [0, 0, 0],
						"1.4583": [-60, 10, 0],
						"1.6667": [0, 0, 0],
						"1.875": [10, 0, 125],
						"2.0833": [0, 0, 0],
						"2.2917": [-60, 10, 0],
						"2.5": [0, 0, 0]
					},
					"position": {
						"0.0": [0, 0, 0],
						"0.4167": [0, 0, 0],
						"0.8333": [0, 0, 0],
						"1.25": [0, 0, 0],
						"1.6667": [0, 0, 0],
						"2.0833": [0, 0, 0],
						"2.5": [0, 0, 0]
					},
					"scale": {
						"0.0": [1, 1, 1],
						"0.4167": [1, 1, 1],
						"0.8333": [1, 1, 1],
						"1.25": [1, 1, 1],
						"1.6667": [1, 1, 1],
						"2.0833": [1, 1, 1],
						"2.5": [1, 1, 1]
					}
				},
				"ra": {
					"rotation": {
						"0.0": [0, 0, 0],
						"0.2083": [0, 0, 0],
						"0.4167": [0, 0, 0],
						"0.625": [0, 0, -50],
						"0.8333": [0, 0, 0],
						"1.0417": [0, 0, 0],
						"1.25": [0, 0, 0],
						"1.4583": [0, 0, -50],
						"1.6667": [0, 0, 0],
						"1.875": [0, 0, 0],
						"2.0833": [0, 0, 0],
						"2.2917": [0, 0, -50],
						"2.5": [0, 0, 0]
					},
					"position": {
						"0.0": [0, 0, 0],
						"0.2083": [0, 0, 0],
						"0.4167": [0, 0, 0],
						"0.625": [-0.7, 1.5, 0],
						"0.8333": [0, 0, 0],
						"1.0417": [0, 0, 0],
						"1.25": [0, 0, 0],
						"1.4583": [-0.7, 1.5, 0],
						"1.6667": [0, 0, 0],
						"1.875": [0, 0, 0],
						"2.0833": [0, 0, 0],
						"2.2917": [-0.7, 1.5, 0],
						"2.5": [0, 0, 0]
					},
					"scale": {
						"0.0": [1, 1, 1],
						"0.4167": [1, 1, 1],
						"0.8333": [1, 1, 1],
						"1.25": [1, 1, 1],
						"1.6667": [1, 1, 1],
						"2.0833": [1, 1, 1],
						"2.5": [1, 1, 1]
					}
				},
				"leftLeg": {
					"rotation": {
						"0.0": [0, 0, 0],
						"0.2083": [-25, 0, -5],
						"0.4167": [0, 0, 0],
						"0.625": [-15, 0, -5],
						"0.8333": [0, 0, 0],
						"1.0417": [-25, 0, -5],
						"1.25": [0, 0, 0],
						"1.4583": [-15, 0, -5],
						"1.6667": [0, 0, 0],
						"1.875": [-25, 0, -5],
						"2.0833": [0, 0, 0],
						"2.2917": [-15, 0, -5],
						"2.5": [0, 0, 0]
					},
					"position": {
						"0.0": [0, 0, 0],
						"0.4167": [0, 0, 0],
						"0.8333": [0, 0, 0],
						"1.25": [0, 0, 0],
						"1.6667": [0, 0, 0],
						"2.0833": [0, 0, 0],
						"2.5": [0, 0, 0]
					},
					"scale": {
						"0.0": [1, 1, 1],
						"0.4167": [1, 1, 1],
						"0.8333": [1, 1, 1],
						"1.25": [1, 1, 1],
						"1.6667": [1, 1, 1],
						"2.0833": [1, 1, 1],
						"2.5": [1, 1, 1]
					}
				},
				"ll": {
					"rotation": {
						"0.0": [0, 0, 0],
						"0.2083": [25, 0, 0],
						"0.4167": [0, 0, 0],
						"0.625": [15, 0, 0],
						"0.8333": [0, 0, 0],
						"1.0417": [25, 0, 0],
						"1.25": [0, 0, 0],
						"1.4583": [15, 0, 0],
						"1.6667": [0, 0, 0],
						"1.875": [25, 0, 0],
						"2.0833": [0, 0, 0],
						"2.2917": [15, 0, 0],
						"2.5": [0, 0, 0]
					},
					"position": {
						"0.0": [0, 0, 0],
						"0.2083": [0, 0.8, -0.2],
						"0.4167": [0, 0, 0],
						"0.625": [0, 0.8, -0.2],
						"0.8333": [0, 0, 0],
						"1.0417": [0, 0.8, -0.2],
						"1.25": [0, 0, 0],
						"1.4583": [0, 0.8, -0.2],
						"1.6667": [0, 0, 0],
						"1.875": [0, 0.8, -0.2],
						"2.0833": [0, 0, 0],
						"2.2917": [0, 0.8, -0.2],
						"2.5": [0, 0, 0]
					},
					"scale": {
						"0.0": [1, 1, 1],
						"0.4167": [1, 1, 1],
						"0.8333": [1, 1, 1],
						"1.25": [1, 1, 1],
						"1.6667": [1, 1, 1],
						"2.0833": [1, 1, 1],
						"2.5": [1, 1, 1]
					}
				},
				"leftArm": {
					"rotation": {
						"0.0": [0, 0, 0],
						"0.2083": [-60, 10, 0],
						"0.4167": [0, 0, 0],
						"0.625": [-10, 0, -125],
						"0.8333": [0, 0, 0],
						"1.0417": [-60, 10, 0],
						"1.25": [0, 0, 0],
						"1.4583": [-10, 0, -125],
						"1.6667": [0, 0, 0],
						"1.875": [-60, 10, 0],
						"2.0833": [0, 0, 0],
						"2.2917": [-10, 0, -125],
						"2.5": [0, 0, 0]
					},
					"position": {
						"0.0": [0, 0, 0],
						"0.4167": [0, 0, 0],
						"0.8333": [0, 0, 0],
						"1.25": [0, 0, 0],
						"1.6667": [0, 0, 0],
						"2.0833": [0, 0, 0],
						"2.5": [0, 0, 0]
					},
					"scale": {
						"0.0": [1, 1, 1],
						"0.4167": [1, 1, 1],
						"0.8333": [1, 1, 1],
						"1.25": [1, 1, 1],
						"1.6667": [1, 1, 1],
						"2.0833": [1, 1, 1],
						"2.5": [1, 1, 1]
					}
				},
				"la": {
					"rotation": {
						"0.0": [0, 0, 0],
						"0.2083": [0, 0, 50],
						"0.4167": [0, 0, 0],
						"0.625": [0, 0, 0],
						"0.8333": [0, 0, 0],
						"1.0417": [0, 0, 50],
						"1.25": [0, 0, 0],
						"1.4583": [0, 0, 0],
						"1.6667": [0, 0, 0],
						"1.875": [0, 0, 50],
						"2.0833": [0, 0, 0],
						"2.2917": [0, 0, 0],
						"2.5": [0, 0, 0]
					},
					"position": {
						"0.0": [0, 0, 0],
						"0.2083": [0.8, 1.6, 0],
						"0.4167": [0, 0, 0],
						"0.625": [0, 0, 0],
						"0.8333": [0, 0, 0],
						"1.0417": [0.8, 1.6, 0],
						"1.25": [0, 0, 0],
						"1.4583": [0, 0, 0],
						"1.6667": [0, 0, 0],
						"1.875": [0.8, 1.6, 0],
						"2.0833": [0, 0, 0],
						"2.2917": [0, 0, 0],
						"2.5": [0, 0, 0]
					},
					"scale": {
						"0.0": [1, 1, 1],
						"0.4167": [1, 1, 1],
						"0.8333": [1, 1, 1],
						"1.25": [1, 1, 1],
						"1.6667": [1, 1, 1],
						"2.0833": [1, 1, 1],
						"2.5": [1, 1, 1]
					}
				},
				"head": {
					"rotation": {
						"0.0": [0, 0, 0],
						"0.2083": [50, -25, 0],
						"0.4167": [0, 0, 0],
						"0.625": [50, 25, 0],
						"0.8333": [0, 0, 0],
						"1.0417": [50, -25, 0],
						"1.25": [0, 0, 0],
						"1.4583": [50, 25, 0],
						"1.6667": [0, 0, 0],
						"1.875": [50, -25, 0],
						"2.0833": [0, 0, 0],
						"2.2917": [50, 25, 0],
						"2.5": [0, 0, 0]
					},
					"position": {
						"0.0": [0, 0, 0],
						"0.2083": [0, -1, 0],
						"0.4167": [0, 0, 0],
						"0.8333": [0, 0, 0],
						"1.0417": [0, -1, 0],
						"1.25": [0, 0, 0],
						"1.6667": [0, 0, 0],
						"1.875": [0, -1, 0],
						"2.0833": [0, 0, 0],
						"2.5": [0, 0, 0]
					},
					"scale": {
						"0.0": [1, 1, 1],
						"0.4167": [1, 1, 1],
						"0.8333": [1, 1, 1],
						"1.25": [1, 1, 1],
						"1.6667": [1, 1, 1],
						"2.0833": [1, 1, 1],
						"2.5": [1, 1, 1]
					}
				},
				"hat": {
					"rotation": {
						"0.0": [0, 0, 0],
						"0.4167": [0, 0, 0],
						"0.8333": [0, 0, 0],
						"1.25": [0, 0, 0],
						"1.6667": [0, 0, 0],
						"2.0833": [0, 0, 0],
						"2.5": [0, 0, 0]
					},
					"position": {
						"0.0": [0, 0, 0],
						"0.4167": [0, 0, 0],
						"0.8333": [0, 0, 0],
						"1.25": [0, 0, 0],
						"1.6667": [0, 0, 0],
						"2.0833": [0, 0, 0],
						"2.5": [0, 0, 0]
					},
					"scale": {
						"0.0": [1, 1, 1],
						"0.4167": [1, 1, 1],
						"0.8333": [1, 1, 1],
						"1.25": [1, 1, 1],
						"1.6667": [1, 1, 1],
						"2.0833": [1, 1, 1],
						"2.5": [1, 1, 1]
					}
				},
				"root": {
					"rotation": {
						"0.0": [0, 0, 0],
						"0.8333": [0, 0, 0],
						"1.6667": [0, 0, 0],
						"2.5": [0, 0, 0]
					},
					"position": {
						"0.0": [0, 0, 0],
						"0.2083": [0, -1.4, 2.5],
						"0.4167": [0, 0, 0],
						"0.625": [0, -1.5, 1.5],
						"0.8333": [0, 0, 0],
						"1.0417": [0, -1.5, 2.5],
						"1.25": [0, 0, 0],
						"1.4583": [0, -1.5, 1.5],
						"1.6667": [0, 0, 0],
						"1.875": [0, -1.5, 2.5],
						"2.0833": [0, 0, 0],
						"2.2917": [0, -1.5, 1.5],
						"2.5": [0, 0, 0]
					},
					"scale": {
						"0.0": [1, 1, 1],
						"0.8333": [1, 1, 1],
						"1.6667": [1, 1, 1],
						"2.5": [1, 1, 1]
					}
				},
				"cape": {
					"rotation": {
						"0.0": [0, 0, 0],
						"0.8333": [0, 0, 0],
						"1.6667": [0, 0, 0],
						"2.5": [0, 0, 0]
					},
					"position": {
						"0.0": [0, 0, 0],
						"0.8333": [0, 0, 0],
						"1.6667": [0, 0, 0],
						"2.5": [0, 0, 0]
					},
					"scale": {
						"0.0": [1, 1, 1],
						"0.8333": [1, 1, 1],
						"1.6667": [1, 1, 1],
						"2.5": [1, 1, 1]
					}
				},
				"leftSleeve": {
					"rotation": {
						"0.0": [0, 0, 0],
						"0.8333": [0, 0, 0],
						"1.6667": [0, 0, 0],
						"2.5": [0, 0, 0]
					},
					"position": {
						"0.0": [0, 0, 0],
						"0.2083": [0, 0, 0],
						"0.8333": [0, 0, 0],
						"1.0417": [0, 0, 0],
						"1.6667": [0, 0, 0],
						"1.875": [0, 0, 0],
						"2.5": [0, 0, 0]
					},
					"scale": {
						"0.0": [1, 1, 1],
						"0.8333": [1, 1, 1],
						"1.6667": [1, 1, 1],
						"2.5": [1, 1, 1]
					}
				},
				"ls": {
					"rotation": {
						"0.0": [0, 0, 0],
						"0.2083": [0, 0, 50],
						"0.4167": [0, 0, 0],
						"0.625": [0, 0, 0],
						"0.8333": [0, 0, 0],
						"1.0417": [0, 0, 50],
						"1.25": [0, 0, 0],
						"1.4583": [0, 0, 0],
						"1.6667": [0, 0, 0],
						"1.875": [0, 0, 50],
						"2.0833": [0, 0, 0],
						"2.2917": [0, 0, 0],
						"2.5": [0, 0, 0]
					},
					"position": {
						"0.0": [0, 0, 0],
						"0.2083": [0.8, 1.6, 0],
						"0.4167": [0, 0, 0],
						"0.625": [0, 0, 0],
						"0.8333": [0, 0, 0],
						"1.0417": [0.8, 1.6, 0],
						"1.25": [0, 0, 0],
						"1.4583": [0, 0, 0],
						"1.6667": [0, 0, 0],
						"1.875": [0.8, 1.6, 0],
						"2.0833": [0, 0, 0],
						"2.2917": [0, 0, 0],
						"2.5": [0, 0, 0]
					},
					"scale": {
						"0.0": [1, 1, 1],
						"0.4167": [1, 1, 1],
						"0.8333": [1, 1, 1],
						"1.25": [1, 1, 1],
						"1.6667": [1, 1, 1],
						"2.0833": [1, 1, 1],
						"2.5": [1, 1, 1]
					}
				},
				"leftItem": {
					"rotation": {
						"0.0": [0, 0, 0],
						"0.8333": [0, 0, 0],
						"1.6667": [0, 0, 0],
						"2.5": [0, 0, 0]
					},
					"position": {
						"0.0": [0, 0, 0],
						"0.8333": [0, 0, 0],
						"1.6667": [0, 0, 0],
						"2.5": [0, 0, 0]
					},
					"scale": {
						"0.0": [1, 1, 1],
						"0.8333": [1, 1, 1],
						"1.6667": [1, 1, 1],
						"2.5": [1, 1, 1]
					}
				},
				"rightSleeve": {
					"rotation": {
						"0.0": [0, 0, 0],
						"0.8333": [0, 0, 0],
						"1.6667": [0, 0, 0],
						"2.5": [0, 0, 0]
					},
					"position": {
						"0.0": [0, 0, 0],
						"0.8333": [0, 0, 0],
						"1.6667": [0, 0, 0],
						"2.5": [0, 0, 0]
					},
					"scale": {
						"0.0": [1, 1, 1],
						"0.8333": [1, 1, 1],
						"1.6667": [1, 1, 1],
						"2.5": [1, 1, 1]
					}
				},
				"rs": {
					"rotation": {
						"0.0": [0, 0, 0],
						"0.2083": [0, 0, 0],
						"0.4167": [0, 0, 0],
						"0.625": [0, 0, -50],
						"0.8333": [0, 0, 0],
						"1.0417": [0, 0, 0],
						"1.25": [0, 0, 0],
						"1.4583": [0, 0, -50],
						"1.6667": [0, 0, 0],
						"1.875": [0, 0, 0],
						"2.0833": [0, 0, 0],
						"2.2917": [0, 0, -50],
						"2.5": [0, 0, 0]
					},
					"position": {
						"0.0": [0, 0, 0],
						"0.2083": [0, 0, 0],
						"0.4167": [0, 0, 0],
						"0.625": [-0.7, 1.5, 0],
						"0.8333": [0, 0, 0],
						"1.0417": [0, 0, 0],
						"1.25": [0, 0, 0],
						"1.4583": [-0.7, 1.5, 0],
						"1.6667": [0, 0, 0],
						"1.875": [0, 0, 0],
						"2.0833": [0, 0, 0],
						"2.2917": [-0.7, 1.5, 0],
						"2.5": [0, 0, 0]
					},
					"scale": {
						"0.0": [1, 1, 1],
						"0.4167": [1, 1, 1],
						"0.8333": [1, 1, 1],
						"1.25": [1, 1, 1],
						"1.6667": [1, 1, 1],
						"2.0833": [1, 1, 1],
						"2.5": [1, 1, 1]
					}
				},
				"rightItem": {
					"rotation": {
						"0.0": [0, 0, 0],
						"0.8333": [0, 0, 0],
						"1.6667": [0, 0, 0],
						"2.5": [0, 0, 0]
					},
					"position": {
						"0.0": [0, 0, 0],
						"0.8333": [0, 0, 0],
						"1.6667": [0, 0, 0],
						"2.5": [0, 0, 0]
					},
					"scale": {
						"0.0": [1, 1, 1],
						"0.8333": [1, 1, 1],
						"1.6667": [1, 1, 1],
						"2.5": [1, 1, 1]
					}
				},
				"jacket": {
					"rotation": {
						"0.0": [0, 0, 0],
						"0.8333": [0, 0, 0],
						"1.6667": [0, 0, 0],
						"2.5": [0, 0, 0]
					},
					"position": {
						"0.0": [0, 0, 0],
						"0.8333": [0, 0, 0],
						"1.6667": [0, 0, 0],
						"2.5": [0, 0, 0]
					},
					"scale": {
						"0.0": [1, 1, 1],
						"0.8333": [1, 1, 1],
						"1.6667": [1, 1, 1],
						"2.5": [1, 1, 1]
					}
				},
				"j": {
					"rotation": {
						"0.0": [0, 0, 0],
						"0.8333": [0, 0, 0],
						"1.6667": [0, 0, 0],
						"2.5": [0, 0, 0]
					},
					"position": {
						"0.0": [0, 0, 0],
						"0.8333": [0, 0, 0],
						"1.6667": [0, 0, 0],
						"2.5": [0, 0, 0]
					},
					"scale": {
						"0.0": [1, 1, 1],
						"0.8333": [1, 1, 1],
						"1.6667": [1, 1, 1],
						"2.5": [1, 1, 1]
					}
				},
				"leftPants": {
					"rotation": {
						"0.0": [0, 0, 0],
						"0.8333": [0, 0, 0],
						"1.6667": [0, 0, 0],
						"2.5": [0, 0, 0]
					},
					"position": {
						"0.0": [0, 0, 0],
						"0.8333": [0, 0, 0],
						"1.6667": [0, 0, 0],
						"2.5": [0, 0, 0]
					},
					"scale": {
						"0.0": [1, 1, 1],
						"0.8333": [1, 1, 1],
						"1.6667": [1, 1, 1],
						"2.5": [1, 1, 1]
					}
				},
				"lp": {
					"rotation": {
						"0.0": [0, 0, 0],
						"0.2083": [25, 0, 0],
						"0.4167": [0, 0, 0],
						"0.625": [15, 0, 0],
						"0.8333": [0, 0, 0],
						"1.0417": [25, 0, 0],
						"1.25": [0, 0, 0],
						"1.4583": [15, 0, 0],
						"1.6667": [0, 0, 0],
						"1.875": [25, 0, 0],
						"2.0833": [0, 0, 0],
						"2.2917": [15, 0, 0],
						"2.5": [0, 0, 0]
					},
					"position": {
						"0.0": [0, 0, 0],
						"0.2083": [0, 0.8, -0.2],
						"0.4167": [0, 0, 0],
						"0.625": [0, 0.8, -0.2],
						"0.8333": [0, 0, 0],
						"1.0417": [0, 0.8, -0.2],
						"1.25": [0, 0, 0],
						"1.4583": [0, 0.8, -0.2],
						"1.6667": [0, 0, 0],
						"1.875": [0, 0.8, -0.2],
						"2.0833": [0, 0, 0],
						"2.2917": [0, 0.8, -0.2],
						"2.5": [0, 0, 0]
					},
					"scale": {
						"0.0": [1, 1, 1],
						"0.4167": [1, 1, 1],
						"0.8333": [1, 1, 1],
						"1.25": [1, 1, 1],
						"1.6667": [1, 1, 1],
						"2.0833": [1, 1, 1],
						"2.5": [1, 1, 1]
					}
				},
				"rightPants": {
					"rotation": {
						"0.0": [0, 0, 0],
						"0.8333": [0, 0, 0],
						"1.6667": [0, 0, 0],
						"2.5": [0, 0, 0]
					},
					"position": {
						"0.0": [0, 0, 0],
						"0.8333": [0, 0, 0],
						"1.6667": [0, 0, 0],
						"2.5": [0, 0, 0]
					},
					"scale": {
						"0.0": [1, 1, 1],
						"0.8333": [1, 1, 1],
						"1.6667": [1, 1, 1],
						"2.5": [1, 1, 1]
					}
				},
				"rp": {
					"rotation": {
						"0.0": [0, 0, 0],
						"0.2083": [25, 0, 0],
						"0.4167": [0, 0, 0],
						"0.625": [15, 0, 0],
						"0.8333": [0, 0, 0],
						"1.0417": [25, 0, 0],
						"1.25": [0, 0, 0],
						"1.4583": [15, 0, 0],
						"1.6667": [0, 0, 0],
						"1.875": [25, 0, 0],
						"2.0833": [0, 0, 0],
						"2.2917": [15, 0, 0],
						"2.5": [0, 0, 0]
					},
					"position": {
						"0.0": [0, 0, 0],
						"0.2083": [0, 0.8, -0.2],
						"0.4167": [0, 0, 0],
						"0.625": [0, 0.8, -0.2],
						"0.8333": [0, 0, 0],
						"1.0417": [0, 0.8, -0.2],
						"1.25": [0, 0, 0],
						"1.4583": [0, 0.8, -0.2],
						"1.6667": [0, 0, 0],
						"1.875": [0, 0.8, -0.2],
						"2.0833": [0, 0, 0],
						"2.2917": [0, 0.8, -0.2],
						"2.5": [0, 0, 0]
					},
					"scale": {
						"0.0": [1, 1, 1],
						"0.4167": [1, 1, 1],
						"0.8333": [1, 1, 1],
						"1.25": [1, 1, 1],
						"1.6667": [1, 1, 1],
						"2.0833": [1, 1, 1],
						"2.5": [1, 1, 1]
					}
				}
			}
		}
	}
}