{
	"format_version": "1.8.0",
	"animations": {
		"animation.humanoid.customm.baile_18": {
			"loop": true,
			"animation_length": 0.96,
			"bones": {
				"root": {
					"rotation": {
						"0.0": [0, 0, 0],
						"0.96": [0, 0, 0]
					},
					"position": {
						"0.0": [0, 0, 0],
						"0.24": [0, 5, 0],
						"0.48": [0, 0, 0],
						"0.72": [0, 5, 0],
						"0.96": [0, 0, 0]
					},
					"scale": {
						"0.0": [1, 1, 1],
						"0.96": [1, 1, 1]
					}
				},
				"waist": {
					"rotation": {
						"0.0": [0, 0, 0],
						"0.96": [0, 0, 0]
					},
					"position": {
						"0.0": [-0.5, -0.5, 0],
						"0.96": [-0.5, -0.5, 0]
					},
					"scale": {
						"0.0": [1, 1, 1],
						"0.96": [1, 1, 1]
					}
				},
				"body": {
					"rotation": {
						"0.0": [0, 0, 0],
						"0.96": [0, 0, 0]
					},
					"position": {
						"0.0": [0, 0, 0],
						"0.96": [0, 0, 0]
					},
					"scale": {
						"0.0": [1, 1, 1],
						"0.96": [1, 1, 1]
					}
				},
				"bone": {
					"rotation": {
						"0.0": [0, 0, -5],
						"0.48": [0, 0, 5],
						"0.96": [0, 0, -5]
					},
					"position": {
						"0.0": [0, 0.4, 0],
						"0.48": [0, 0.4, 0],
						"0.96": [0, 0.4, 0]
					},
					"scale": {
						"0.0": [1, 1.025, 1],
						"0.48": [1, 1.025, 1],
						"0.96": [1, 1.025, 1]
					}
				},
				"head": {
					"rotation": {
						"0.0": [0, 0, 0],
						"0.96": [0, 0, 0]
					},
					"position": {
						"0.0": [0, 0, 0],
						"0.96": [0, 0, 0]
					},
					"scale": {
						"0.0": [1, 1, 1],
						"0.96": [1, 1, 1]
					}
				},
				"hat": {
					"rotation": {
						"0.0": [0, 0, 0],
						"0.96": [0, 0, 0]
					},
					"position": {
						"0.0": [0, 0, 0],
						"0.96": [0, 0, 0]
					},
					"scale": {
						"0.0": [1, 1, 1],
						"0.96": [1, 1, 1]
					}
				},
				"cape": {
					"rotation": {
						"0.0": [0, 0, 0],
						"0.96": [0, 0, 0]
					},
					"position": {
						"0.0": [0, 0, 0],
						"0.96": [0, 0, 0]
					},
					"scale": {
						"0.0": [1, 1, 1],
						"0.96": [1, 1, 1]
					}
				},
				"leftArm": {
					"rotation": {
						"0.0": [-30, 0, 0],
						"0.96": [-30, 0, 0]
					},
					"position": {
						"0.0": [0, 0, 0],
						"0.96": [0, 0, 0]
					},
					"scale": {
						"0.0": [1, 1, 1],
						"0.96": [1, 1, 1]
					}
				},
				"la": {
					"rotation": {
						"0.0": [0, 0, 60],
						"0.96": [0, 0, 60]
					},
					"position": {
						"0.0": [1.5, 2.6, 0],
						"0.96": [1.5, 2.6, 0]
					},
					"scale": {
						"0.0": [1, 1, 1],
						"0.96": [1, 1, 1]
					}
				},
				"leftSleeve": {
					"rotation": {
						"0.0": [0, 0, 0],
						"0.96": [0, 0, 0]
					},
					"position": {
						"0.0": [0, 0, 0],
						"0.96": [0, 0, 0]
					},
					"scale": {
						"0.0": [1, 1, 1],
						"0.96": [1, 1, 1]
					}
				},
				"ls": {
					"rotation": {
						"0.0": [0, 0, 60],
						"0.96": [0, 0, 60]
					},
					"position": {
						"0.0": [0.9, 1.6, 0],
						"0.96": [0.9, 1.6, 0]
					},
					"scale": {
						"0.0": [1, 1, 1],
						"0.96": [1, 1, 1]
					}
				},
				"leftItem": {
					"rotation": {
						"0.0": [0, 0, 0],
						"0.96": [0, 0, 0]
					},
					"position": {
						"0.0": [0, 0, 0],
						"0.96": [0, 0, 0]
					},
					"scale": {
						"0.0": [1, 1, 1],
						"0.96": [1, 1, 1]
					}
				},
				"rightArm": {
					"rotation": {
						"0.0": [-90, 0, 15],
						"0.96": [-90, 0, 15]
					},
					"position": {
						"0.0": [0, 1, -2],
						"0.96": [0, 1, -2]
					},
					"scale": {
						"0.0": [1, 1, 1],
						"0.96": [1, 1, 1]
					}
				},
				"ra": {
					"rotation": {
						"0.0": [-60, 0, 0],
						"0.96": [-60, 0, 0]
					},
					"position": {
						"0.0": [0, 1.75, 1],
						"0.96": [0, 1.75, 1]
					},
					"scale": {
						"0.0": [1, 1, 1],
						"0.96": [1, 1, 1]
					}
				},
				"rightItem": {
					"rotation": {
						"0.0": [0, 0, 0],
						"0.96": [0, 0, 0]
					},
					"position": {
						"0.0": [0, 0, 0],
						"0.96": [0, 0, 0]
					},
					"scale": {
						"0.0": [1, 1, 1],
						"0.96": [1, 1, 1]
					}
				},
				"rightSleeve": {
					"rotation": {
						"0.0": [0, 0, 0],
						"0.96": [0, 0, 0]
					},
					"position": {
						"0.0": [0, 0, 0],
						"0.96": [0, 0, 0]
					},
					"scale": {
						"0.0": [1, 1, 1],
						"0.96": [1, 1, 1]
					}
				},
				"rs": {
					"rotation": {
						"0.0": [-60, 0, 0],
						"0.96": [-60, 0, 0]
					},
					"position": {
						"0.0": [0, 1.6, 0.9],
						"0.96": [0, 1.6, 0.9]
					},
					"scale": {
						"0.0": [1, 1, 1],
						"0.96": [1, 1, 1]
					}
				},
				"jacket": {
					"rotation": {
						"0.0": [0, 0, 0],
						"0.96": [0, 0, 0]
					},
					"position": {
						"0.0": [0, 0, 0],
						"0.96": [0, 0, 0]
					},
					"scale": {
						"0.0": [1, 1, 1],
						"0.96": [1, 1, 1]
					}
				},
				"j": {
					"rotation": {
						"0.0": [0, 0, -5],
						"0.48": [0, 0, 5],
						"0.96": [0, 0, -5]
					},
					"position": {
						"0.0": [0, 0.4, 0],
						"0.48": [0, 0.4, 0],
						"0.96": [0, 0.4, 0]
					},
					"scale": {
						"0.0": [1, 1, 1],
						"0.96": [1, 1, 1]
					}
				},
				"leftLeg": {
					"rotation": {
						"0.0": [-75, -30, 0],
						"0.24": [-40, -12.5, 0],
						"0.48": [-5, -5, 0],
						"0.72": [-40, -12.5, 0],
						"0.96": [-75, -30, 0]
					},
					"position": {
						"0.0": [0, 0, 0],
						"0.48": [-1, 0, 0],
						"0.96": [0, 0, 0]
					},
					"scale": {
						"0.0": [1, 1, 1],
						"0.48": [1, 1, 1],
						"0.96": [1, 1, 1]
					}
				},
				"ll": {
					"rotation": {
						"0.0": [60, 0, 0],
						"0.48": [5, 0, 0],
						"0.96": [60, 0, 0]
					},
					"position": {
						"0.0": [0, 1.75, -1],
						"0.48": [0, 0.25, 0],
						"0.96": [0, 1.75, -1]
					},
					"scale": {
						"0.0": [1, 1, 1],
						"0.48": [1, 1, 1],
						"0.96": [1, 1, 1]
					}
				},
				"leftPants": {
					"rotation": {
						"0.0": [0, 0, 0],
						"0.96": [0, 0, 0]
					},
					"position": {
						"0.0": [0, 0, 0],
						"0.96": [0, 0, 0]
					},
					"scale": {
						"0.0": [1, 1, 1],
						"0.96": [1, 1, 1]
					}
				},
				"lp": {
					"rotation": {
						"0.0": [60, 0, 0],
						"0.48": [5, 0, 0],
						"0.96": [60, 0, 0]
					},
					"position": {
						"0.0": [0, 1.6, -0.9],
						"0.48": [0, 0, 0],
						"0.96": [0, 1.6, -0.9]
					},
					"scale": {
						"0.0": [1, 1, 1],
						"0.48": [1, 1, 1],
						"0.96": [1, 1, 1]
					}
				},
				"rightLeg": {
					"rotation": {
						"0.0": [-5, 5, 0],
						"0.24": [-40, 12.5, 0],
						"0.48": [-75, 30, 0],
						"0.72": [-40, 12.5, 0],
						"0.96": [-5, 5, 0]
					},
					"position": {
						"0.0": [0, 0, 0],
						"0.48": [0, 0, 0],
						"0.96": [0, 0, 0]
					},
					"scale": {
						"0.0": [1, 1, 1],
						"0.96": [1, 1, 1]
					}
				},
				"rl": {
					"rotation": {
						"0.0": [5, 0, 0],
						"0.48": [60, 0, 0],
						"0.96": [5, 0, 0]
					},
					"position": {
						"0.0": [0, 0.4, 0],
						"0.48": [0, 1.75, -1],
						"0.96": [0, 0.4, 0]
					},
					"scale": {
						"0.0": [1, 1, 1],
						"0.96": [1, 1, 1]
					}
				},
				"rightPants": {
					"rotation": {
						"0.0": [0, 0, 0],
						"0.96": [0, 0, 0]
					},
					"position": {
						"0.0": [0, 0, 0],
						"0.96": [0, 0, 0]
					},
					"scale": {
						"0.0": [1, 1, 1],
						"0.96": [1, 1, 1]
					}
				},
				"rp": {
					"rotation": {
						"0.0": [5, 0, 0],
						"0.48": [60, 0, 0],
						"0.96": [5, 0, 0]
					},
					"position": {
						"0.0": [0, 0, 0],
						"0.48": [0, 1.6, -0.9],
						"0.96": [0, 0, 0]
					},
					"scale": {
						"0.0": [1, 1, 1],
						"0.96": [1, 1, 1]
					}
				}
			}
		}
	}
}