{
	"format_version": "1.8.0",
	"animations": {
		"animation.humanoid.customm.baile_19": {
			"loop": true,
			"animation_length": 0.48,
			"bones": {
				"root": {
					"rotation": {
						"0.0": [0, 0, 0],
						"0.48": [0, 0, 0]
					},
					"position": {
						"0.0": [0, 0, 0],
						"0.48": [0, 0, 0]
					},
					"scale": {
						"0.0": [1, 1, 1],
						"0.48": [1, 1, 1]
					}
				},
				"waist": {
					"rotation": {
						"0.0": [0, 0, 0],
						"0.24": [0, 0, 0],
						"0.48": [0, 0, 0]
					},
					"position": {
						"0.0": [0, -0.26, 0],
						"0.24": [0, -0.26, 0],
						"0.48": [0, -0.26, 0]
					},
					"scale": {
						"0.0": [1, 1, 1],
						"0.24": [1, 1, 1],
						"0.48": [1, 1, 1]
					}
				},
				"body": {
					"rotation": {
						"0.0": [0, 0, -10],
						"0.24": [0, 0, 10],
						"0.48": [0, 0, -10]
					},
					"position": {
						"0.0": [-1, 0, 0],
						"0.24": [1, 0, 0],
						"0.48": [-1, 0, 0]
					},
					"scale": {
						"0.0": [1, 1, 1],
						"0.24": [1, 1, 1],
						"0.48": [1, 1, 1]
					}
				},
				"bone": {
					"rotation": {
						"0.0": [0, 0, 10],
						"0.24": [0, 0, -10],
						"0.48": [0, 0, 10]
					},
					"position": {
						"0.0": [0, 0.7, 0.01],
						"0.24": [0, 0.7, 0.01],
						"0.48": [0, 0.7, 0.01]
					},
					"scale": {
						"0.0": [1, 1.025, 1],
						"0.24": [1, 1.025, 1],
						"0.48": [1, 1.025, 1]
					}
				},
				"head": {
					"rotation": {
						"0.0": [0, 0, 10],
						"0.24": [0, 0, -10],
						"0.48": [0, 0, 10]
					},
					"position": {
						"0.0": [0, -0.4, 0],
						"0.24": [0, -0.4, 0],
						"0.48": [0, -0.4, 0]
					},
					"scale": {
						"0.0": [1, 1, 1],
						"0.24": [1, 1, 1],
						"0.48": [1, 1, 1]
					}
				},
				"hat": {
					"rotation": {
						"0.0": [0, 0, 0],
						"0.24": [0, 0, 0],
						"0.48": [0, 0, 0]
					},
					"position": {
						"0.0": [0, 0, 0],
						"0.24": [0, 0, 0],
						"0.48": [0, 0, 0]
					},
					"scale": {
						"0.0": [1, 1, 1],
						"0.24": [1, 1, 1],
						"0.48": [1, 1, 1]
					}
				},
				"cape": {
					"rotation": {
						"0.0": [0, 0, 0],
						"0.48": [0, 0, 0]
					},
					"position": {
						"0.0": [0, 0, 0],
						"0.48": [0, 0, 0]
					},
					"scale": {
						"0.0": [1, 1, 1],
						"0.48": [1, 1, 1]
					}
				},
				"leftArm": {
					"rotation": {
						"0.0": [0, 0, -75],
						"0.24": [0, 0, -100],
						"0.48": [0, 0, -75]
					},
					"position": {
						"0.0": [0.2, -2, 0],
						"0.24": [0.8, 0, 0],
						"0.48": [0.2, -2, 0]
					},
					"scale": {
						"0.0": [1, 1, 1],
						"0.24": [1, 1, 1],
						"0.48": [1, 1, 1]
					}
				},
				"la": {
					"rotation": {
						"0.0": [0, 0, 90],
						"0.24": [0, 0, 0],
						"0.48": [0, 0, 90]
					},
					"position": {
						"0.0": [3, 3, 0],
						"0.12": [0.71, 1.91, 0],
						"0.24": [0, 0, 0],
						"0.36": [0.71, 1.91, 0],
						"0.48": [3, 3, 0]
					},
					"scale": {
						"0.0": [1, 1, 1],
						"0.24": [1, 1, 1],
						"0.48": [1, 1, 1]
					}
				},
				"leftSleeve": {
					"rotation": {
						"0.0": [0, 0, 0],
						"0.24": [0, 0, 0],
						"0.48": [0, 0, 0]
					},
					"position": {
						"0.0": [0, 0, 0],
						"0.24": [0, 0, 0],
						"0.48": [0, 0, 0]
					},
					"scale": {
						"0.0": [1, 1, 1],
						"0.24": [1, 1, 1],
						"0.48": [1, 1, 1]
					}
				},
				"ls": {
					"rotation": {
						"0.0": [0, 0, 90],
						"0.24": [0, 0, 0],
						"0.48": [0, 0, 90]
					},
					"position": {
						"0.0": [2, 2, 0],
						"0.12": [0.38, 0.88, 0],
						"0.24": [0, 0, 0],
						"0.36": [0.38, 0.88, 0],
						"0.48": [2, 2, 0]
					},
					"scale": {
						"0.0": [1, 1, 1],
						"0.24": [1, 1, 1],
						"0.48": [1, 1, 1]
					}
				},
				"leftItem": {
					"rotation": {
						"0.0": [0, 0, 0],
						"0.48": [0, 0, 0]
					},
					"position": {
						"0.0": [0, 0, 0],
						"0.48": [0, 0, 0]
					},
					"scale": {
						"0.0": [1, 1, 1],
						"0.48": [1, 1, 1]
					}
				},
				"rightArm": {
					"rotation": {
						"0.0": [0, 0, 100],
						"0.24": [0, 0, 80],
						"0.48": [0, 0, 100]
					},
					"position": {
						"0.0": [-0.7, 2, 0],
						"0.24": [-1, 0, 0],
						"0.48": [-0.7, 2, 0]
					},
					"scale": {
						"0.0": [1, 1, 1],
						"0.24": [1, 1, 1],
						"0.48": [1, 1, 1]
					}
				},
				"ra": {
					"rotation": {
						"0.0": [0, 0, 0],
						"0.24": [0, 0, -90],
						"0.48": [0, 0, 0]
					},
					"position": {
						"0.0": [0, 0, 0],
						"0.12": [-0.72, 1.53, 0],
						"0.24": [-2, 2, 0],
						"0.36": [-0.72, 1.53, 0],
						"0.48": [0, 0, 0]
					},
					"scale": {
						"0.0": [1, 1, 1],
						"0.24": [1, 1, 1],
						"0.48": [1, 1, 1]
					}
				},
				"rightItem": {
					"rotation": {
						"0.0": [0, 0, 0],
						"0.48": [0, 0, 0]
					},
					"position": {
						"0.0": [0, 0, 0],
						"0.48": [0, 0, 0]
					},
					"scale": {
						"0.0": [1, 1, 1],
						"0.48": [1, 1, 1]
					}
				},
				"rightSleeve": {
					"rotation": {
						"0.0": [0, 0, 0],
						"0.24": [0, 0, 0],
						"0.48": [0, 0, 0]
					},
					"position": {
						"0.0": [0, 0, 0],
						"0.24": [0, 0, 0],
						"0.48": [0, 0, 0]
					},
					"scale": {
						"0.0": [1, 1, 1],
						"0.24": [1, 1, 1],
						"0.48": [1, 1, 1]
					}
				},
				"rs": {
					"rotation": {
						"0.0": [0, 0, 0],
						"0.24": [0, 0, -90],
						"0.48": [0, 0, 0]
					},
					"position": {
						"0.0": [0, 0, 0],
						"0.12": [-0.62, 1.43, 0],
						"0.24": [-2, 2, 0],
						"0.36": [-0.62, 1.43, 0],
						"0.48": [0, 0, 0]
					},
					"scale": {
						"0.0": [1, 1, 1],
						"0.24": [1, 1, 1],
						"0.48": [1, 1, 1]
					}
				},
				"jacket": {
					"rotation": {
						"0.0": [0, 0, 0],
						"0.24": [0, 0, 0],
						"0.48": [0, 0, 0]
					},
					"position": {
						"0.0": [0, 0, 0],
						"0.24": [0, 0, 0],
						"0.48": [0, 0, 0]
					},
					"scale": {
						"0.0": [1, 1, 1],
						"0.24": [1, 1, 1],
						"0.48": [1, 1, 1]
					}
				},
				"j": {
					"rotation": {
						"0.0": [0, 0, 10],
						"0.24": [0, 0, -10],
						"0.48": [0, 0, 10]
					},
					"position": {
						"0.0": [0, 0.7, 0.01],
						"0.24": [0, 0.7, 0.01],
						"0.48": [0, 0.7, 0.01]
					},
					"scale": {
						"0.0": [1, 1.025, 1],
						"0.24": [1, 1.025, 1],
						"0.48": [1, 1.025, 1]
					}
				},
				"leftLeg": {
					"rotation": {
						"0.0": [-5, 0, 0],
						"0.24": [-90, -30, 0],
						"0.48": [-5, 0, 0]
					},
					"position": {
						"0.0": [0, 0, 0],
						"0.24": [0, 0, 0],
						"0.48": [0, 0, 0]
					},
					"scale": {
						"0.0": [1, 1, 1],
						"0.24": [1, 1, 1],
						"0.48": [1, 1, 1]
					}
				},
				"ll": {
					"rotation": {
						"0.0": [5, 0, 0],
						"0.24": [70, 0, 0],
						"0.48": [5, 0, 0]
					},
					"position": {
						"0.0": [0, 0.15, 0],
						"0.24": [0, 1.85, -1.27],
						"0.48": [0, 0.15, 0]
					},
					"scale": {
						"0.0": [1, 1, 1],
						"0.24": [1, 1, 1],
						"0.48": [1, 1, 1]
					}
				},
				"leftPants": {
					"rotation": {
						"0.0": [0, 0, 0],
						"0.24": [0, 0, 0],
						"0.48": [0, 0, 0]
					},
					"position": {
						"0.0": [0, 0, 0],
						"0.24": [0, 0, 0],
						"0.48": [0, 0, 0]
					},
					"scale": {
						"0.0": [1, 1, 1],
						"0.24": [1, 1, 1],
						"0.48": [1, 1, 1]
					}
				},
				"lp": {
					"rotation": {
						"0.0": [5, 0, 0],
						"0.24": [70, 0, 0],
						"0.48": [5, 0, 0]
					},
					"position": {
						"0.0": [0, 0.15, 0],
						"0.24": [0, 1.85, -1.27],
						"0.48": [0, 0.15, 0]
					},
					"scale": {
						"0.0": [1, 1, 1],
						"0.24": [1, 1, 1],
						"0.48": [1, 1, 1]
					}
				},
				"rightLeg": {
					"rotation": {
						"0.0": [-90, 30, 0],
						"0.24": [-5, 0, 0],
						"0.48": [-90, 30, 0]
					},
					"position": {
						"0.0": [0, 0, 0],
						"0.24": [0, 0, 0],
						"0.48": [0, 0, 0]
					},
					"scale": {
						"0.0": [1, 1, 1],
						"0.24": [1, 1, 1],
						"0.48": [1, 1, 1]
					}
				},
				"rl": {
					"rotation": {
						"0.0": [70, 0, 0],
						"0.24": [5, 0, 0],
						"0.48": [70, 0, 0]
					},
					"position": {
						"0.0": [0, 1.85, -1.27],
						"0.24": [0, 0, 0],
						"0.48": [0, 1.85, -1.27]
					},
					"scale": {
						"0.0": [1, 1, 1],
						"0.24": [1, 1, 1],
						"0.48": [1, 1, 1]
					}
				},
				"rightPants": {
					"rotation": {
						"0.0": [0, 0, 0],
						"0.24": [0, 0, 0],
						"0.48": [0, 0, 0]
					},
					"position": {
						"0.0": [0, 0, 0],
						"0.24": [0, 0, 0],
						"0.48": [0, 0, 0]
					},
					"scale": {
						"0.0": [1, 1, 1],
						"0.24": [1, 1, 1],
						"0.48": [1, 1, 1]
					}
				},
				"rp": {
					"rotation": {
						"0.0": [70, 0, 0],
						"0.24": [5, 0, 0],
						"0.48": [70, 0, 0]
					},
					"position": {
						"0.0": [0, 1.85, -1.27],
						"0.24": [0, 0, 0],
						"0.48": [0, 1.85, -1.27]
					},
					"scale": {
						"0.0": [1, 1, 1],
						"0.24": [1, 1, 1],
						"0.48": [1, 1, 1]
					}
				}
			}
		}
	}
}