{
  "pools": [
    {
      "rolls": 1,
      "entries": [
        {
          "type": "loot_table",
          "name": "loot_tables/gameplay/fishing/junk.json",
          "weight": 1,
          "quality": -2
        },
        {
          "type": "loot_table",
          "name": "loot_tables/gameplay/fishing/treasure.json",
          "weight": 99,
          "quality": 2
        },
        {
          "type": "loot_table",
          "name": "loot_tables/gameplay/fishing/fish.json",
          "weight": 1,
          "quality": -1
        }
      ]
    }
  ]
}
