{
  "format_version": "1.10",
  "minecraft:item": {
    "description": {
      "identifier": "minecraft:cooked_beef",
      "category": "items"
    },
    "components": {
      "minecraft:hand_equipped": false,
      "minecraft:max_stack_size": 64,
      "minecraft:foil": false,
      "minecraft:stack_by_data": true,
      "minecraft:food": {
        "saturation_modifier": "low",
        "nutrition": 5,
        "can_always_eat": false,
        "effects": [
          {
            "name": "regeneration",
            "chance": 1,
            "duration": 5,
            "amplifier": 2
          }
        ],
        "remove_effects": []
      },
      "minecraft:use_duration": 30
    }
  }
}
