{
  "format_version": "1.13.0",
  "minecraft:ore_feature": {
    "description": {
      "identifier": "minecraft:quartz_ore_feature"
    },
    "count": 6,
    "discard_chance_on_air_exposure": 0.0,
    "replace_rules": [
      {
        "places_block": "minecraft:quartz_ore",
        "may_replace": [
          {
            "name": "minecraft:stone"
          }
        ]
      },
      {
        "places_block": "minecraft:quartz_ore",
        "may_replace": [
          {
            "name": "minecraft:deepslate"
          }
        ]
      }
    ]
  }
}
