{
  "namespace": "server_form",
  "$schema": "https://kalmemarq.github.io/Bugrock-JSON-UI-Schemas/ui.schema.json",
  "third_party_server_screen@common.base_screen": {
    "$screen_content": "server_form.main_screen_content",
    "render_only_when_topmost": false,
    "load_screen_immediately": true,
    "low_frequency_rendering": true,
    "render_game_behind": true,
    "force_render_below": true,
    "cache_screen": false
  },
  "main_screen_content": {
    "type": "panel",
    "size": ["100%", "100%"],
    "controls": [
      {
        "server_form_factory": {
          "type": "factory",
          "control_ids": {
            "long_form": "@server_form.long_form",
            "custom_form": "@server_form.custom_form"
          }
        }
      }
    ]
  },
  "long_form": {
    "size": ["100%", "100%"],
    "controls": [
      {
        "default@common_dialogs.main_panel_no_buttons": {
          "$title_panel": "common_dialogs.standard_title_label",
          "$title_size": ["100% - 14px", 10],
          "size": [225, 200],
          "$text_name": "#title_text",
          "$title_text_binding_type": "none",
          "$child_control": "server_form.long_form_panel",
          "layer": 2,
          "bindings": [
            {
              "binding_type": "global",
              "binding_name": "#title_text",
              "binding_name_override": "#text"
            },
            {
              "binding_type": "view",
              "source_property_name": "(((#text - '§y§r' - '§g§r') = #text))",
              "target_property_name": "#visible"
            }
          ]
        }
      },
      {
        "stack@gb_form1.ui": {
          "bindings": [
            {
              "binding_type": "global",
              "binding_name": "#title_text",
              "binding_name_override": "#text"
            },
            {
              "binding_type": "view",
              "source_property_name": "(not((#text - '§y§r') = #text))",
              "target_property_name": "#visible"
            }
          ]
        }
      },
      {
        "stack@gb_form2.ui": {
          "bindings": [
            {
              "binding_type": "global",
              "binding_name": "#title_text",
              "binding_name_override": "#text"
            },
            {
              "binding_type": "view",
              "source_property_name": "(not((#text - '§g§r') = #text))",
              "target_property_name": "#visible"
            }
          ]
        }
      }
    ]
  },

  "custom_form": {
    "size": ["100%", "100%"],
    "controls": [
      {
        "default@common_dialogs.main_panel_no_buttons": {
          "$title_panel": "common_dialogs.standard_title_label",
          "$title_size": ["100% - 14px", 10],
          "size": [225, 200],
          "$text_name": "#title_text",
          "$title_text_binding_type": "none",
          "$child_control": "server_form.custom_form_panel",
          "layer": 2,
          "bindings": [
            {
              "binding_type": "global",
              "binding_name": "#title_text",
              "binding_name_override": "#text"
            },
            {
              "binding_type": "view",
              "source_property_name": "((not (#text = 'MinesCreate')) and (not (#text = 'TowersCreate')))",
              "target_property_name": "#visible"
            }
          ]
        }
      },
      {
        "minesCreate@minescreate.ui": {
          "bindings": [
            {
              "binding_type": "global",
              "binding_name": "#title_text",
              "binding_name_override": "#text"
            },
            {
              "binding_type": "view",
              "source_property_name": "(#text = 'MinesCreate')",
              "target_property_name": "#visible"
            }
          ]
        }
      },
      {
        "towersCreate@towerscreate.ui": {
          "bindings": [
            {
              "binding_type": "global",
              "binding_name": "#title_text",
              "binding_name_override": "#text"
            },
            {
              "binding_type": "view",
              "source_property_name": "(#text = 'TowersCreate')",
              "target_property_name": "#visible"
            }
          ]
        }
      }
    ]
  },
  "dynamic_button": {
    "type": "stack_panel",
    "size": ["100%", 32],
    "orientation": "horizontal",
    "bindings": [
      {
        "binding_name": "#form_button_text",
        "binding_name_override": "#text",
        "binding_type": "collection",
        "binding_collection_name": "form_buttons"
      },
      {
        "binding_type": "view",
        "source_property_name": "(not(#text = ''))",
        "target_property_name": "#visible"
      }
    ],
    "controls": [
      {
        "panel_name": {
          "type": "panel",
          "size": [34, "100%c"],
          "bindings": [
            {
              "binding_type": "view",
              "source_control_name": "image",
              "resolve_sibling_scope": true,
              "source_property_name": "(not (#texture = ''))",
              "target_property_name": "#visible"
            }
          ],
          "controls": [
            {
              "image": {
                "type": "image",
                "layer": 2,
                "size": [32, 32],
                "offset": [-2, 0],
                "bindings": [
                  {
                    "binding_name": "#form_button_texture",
                    "binding_name_override": "#texture",
                    "binding_type": "collection",
                    "binding_collection_name": "form_buttons"
                  },
                  {
                    "binding_name": "#form_button_texture_file_system",
                    "binding_name_override": "#texture_file_system",
                    "binding_type": "collection",
                    "binding_collection_name": "form_buttons"
                  },
                  {
                    "binding_type": "view",
                    "source_property_name": "(not ((#texture = '') or (#texture = 'loading')))",
                    "target_property_name": "#visible"
                  }
                ]
              }
            },
            {
              "progress@progress.progress_loading_bars": {
                "size": [30, 4],
                "offset": [-2, 16],
                "bindings": [
                  {
                    "binding_type": "view",
                    "source_control_name": "image",
                    "resolve_sibling_scope": true,
                    "source_property_name": "(#texture = 'loading')",
                    "target_property_name": "#visible"
                  }
                ]
              }
            }
          ]
        }
      },
      {
        "form_button@common_buttons.light_text_button": {
          "$pressed_button_name": "button.form_button_click",
          "anchor_from": "top_left",
          "anchor_to": "top_left",
          "size": ["fill", 32],
          "$button_text": "#form_button_text",
          "$button_text_binding_type": "collection",
          "$button_text_grid_collection_name": "form_buttons",
          "$button_text_max_size": ["100%", 20],
          "bindings": [
            {
              "binding_type": "collection_details",
              "binding_collection_name": "form_buttons"
            }
          ]
        }
      }
    ]
  }
}
