{
  "format_version": "1.16.0",
  "minecraft:geometry": [
    {
      "description": {
        "identifier": "geometry.item_third_person_axe",
        "texture_width": 16,
        "texture_height": 16,
        "visible_bounds_width": 1,
        "visible_bounds_height": 1,
        "visible_bounds_offset": [0, 0, 0]
      },
      "bones": [
        {
          "name": "rightitem",
          "pivot": [0, 0, 0],
          "texture_meshes": [
            {
              "texture": "default",
              "position": [0, 1, -9],
              "rotation": [-180, 150, 90],
              "local_pivot": [5, 0, 6]
            }
          ]
        }
      ]
    }
  ]
}
