{
  "format_version": "1.16.0",
  "minecraft:geometry": [
    {
      "description": {
        "identifier": "geometry.item_first_person",
        "texture_width": 16,
        "texture_height": 16,
        "visible_bounds_width": 1,
        "visible_bounds_height": 1,
        "visible_bounds_offset": [0, 0, 0]
      },
      "bones": [
        {
          "name": "rightitem",
          "pivot": [0, 0, 0],
          "texture_meshes": [
            {
              "local_pivot": [6.0, 0.0, 6.0],
              "position": [2.01, 1.0, -1.0],
              "rotation": [0.0, -135.0, 90.0],
              "texture": "default"
            }
          ]
        }
      ]
    }
  ]
}
